junction_id,timestamp,day_of_week,time_of_day,traffic_volume,avg_speed,congestion_level,accident_count_recent,violation_count,illegal_parking_count,obstruction_count,weather,roadwork_flag,event_flag,police_coverage,risk_score
j001,2026-08-10 00:00:00,0,0,5,78.8,5.6,0,0,0,0,clear,0,0,0,0.0
j002,2026-08-10 00:00:00,0,0,13,66.8,14.7,0,0,1,0,clear,0,0,0,1.7
j003,2026-08-10 00:00:00,0,0,28,61.2,26.7,0,2,3,0,clear,0,0,1,8.9
j004,2026-08-10 00:00:00,0,0,40,48.4,36.1,0,1,6,0,clear,0,0,0,19.2
j005,2026-08-10 00:00:00,0,0,46,47.2,47.6,0,1,0,0,clear,0,1,0,19.7
j006,2026-08-10 00:00:00,0,0,5,72.0,5.5,0,0,0,0,clear,0,0,2,0.0
j007,2026-08-10 00:00:00,0,0,16,69.0,19.0,0,0,0,0,clear,0,0,2,2.4
j008,2026-08-10 00:00:00,0,0,27,55.3,31.4,0,0,0,0,clear,0,0,3,0.0
j009,2026-08-10 00:00:00,0,0,31,65.2,26.3,0,1,1,0,clear,0,0,0,6.7
j010,2026-08-10 00:00:00,0,0,43,45.6,50.6,0,3,3,0,clear,0,0,1,3.8
j011,2026-08-10 00:00:00,0,0,9,80.0,9.1,0,0,0,0,clear,0,0,1,0.0
j012,2026-08-10 00:00:00,0,0,20,77.6,17.2,0,0,0,0,clear,0,0,2,0.0
j013,2026-08-10 00:00:00,0,0,23,62.3,19.7,0,1,3,0,clear,0,0,1,3.1
j014,2026-08-10 00:00:00,0,0,38,51.8,41.0,0,6,4,0,fog,0,1,1,25.0
j015,2026-08-10 00:00:00,0,0,43,50.2,45.6,0,0,2,0,clear,0,0,2,11.4
j016,2026-08-10 00:00:00,0,0,10,69.0,8.8,0,1,3,0,rain,0,0,2,8.8
j017,2026-08-10 00:00:00,0,0,16,69.6,14.0,0,0,2,0,clear,0,0,0,0.0
j018,2026-08-10 00:00:00,0,0,21,69.3,23.0,0,0,5,0,clear,0,0,1,11.4
j001,2026-08-10 01:00:00,0,1,9,72.3,7.5,0,0,0,0,clear,0,0,0,2.3
j002,2026-08-10 01:00:00,0,1,16,65.1,16.1,0,0,0,0,clear,0,0,2,1.4
j003,2026-08-10 01:00:00,0,1,30,67.8,28.8,0,0,0,0,clear,0,0,1,2.0
j004,2026-08-10 01:00:00,0,1,35,47.1,38.0,0,3,2,0,clear,0,0,2,11.7
j005,2026-08-10 01:00:00,0,1,41,45.5,45.3,0,1,3,0,clear,0,0,4,7.6
j006,2026-08-10 01:00:00,0,1,7,80.0,7.2,0,0,1,0,rain,0,0,0,1.3
j007,2026-08-10 01:00:00,0,1,19,61.4,15.5,0,0,1,0,clear,0,0,1,7.1
j008,2026-08-10 01:00:00,0,1,22,58.6,24.7,0,2,2,0,rain,0,0,1,8.2
j009,2026-08-10 01:00:00,0,1,40,39.3,40.5,0,0,0,0,clear,0,0,1,6.8
j010,2026-08-10 01:00:00,0,1,41,40.8,43.2,0,4,1,0,clear,0,0,0,12.2
j011,2026-08-10 01:00:00,0,1,5,72.0,5.5,0,0,0,0,clear,0,0,2,0.0
j012,2026-08-10 01:00:00,0,1,17,70.3,15.2,0,1,1,0,clear,0,0,1,6.3
j013,2026-08-10 01:00:00,0,1,27,65.6,22.9,0,2,2,0,clear,0,0,3,0.0
j014,2026-08-10 01:00:00,0,1,38,47.8,41.0,1,4,1,0,clear,0,0,0,14.1
j015,2026-08-10 01:00:00,0,1,46,32.1,54.7,0,3,6,0,clear,0,0,0,21.7
j016,2026-08-10 01:00:00,0,1,6,80.0,6.6,0,0,0,0,clear,0,0,2,0.0
j017,2026-08-10 01:00:00,0,1,14,67.6,15.5,0,2,2,0,clear,0,0,2,0.0
j018,2026-08-10 01:00:00,0,1,26,66.9,21.7,0,2,5,0,clear,0,0,2,11.0
j001,2026-08-10 02:00:00,0,2,5,75.9,5.7,0,0,1,0,clear,0,0,0,6.1
j002,2026-08-10 02:00:00,0,2,14,77.9,14.5,0,1,3,0,clear,0,0,0,2.3
j003,2026-08-10 02:00:00,0,2,25,58.0,21.2,0,2,2,0,rain,0,0,2,6.2
j004,2026-08-10 02:00:00,0,2,33,49.5,32.8,0,1,3,0,clear,0,0,0,17.8
j005,2026-08-10 02:00:00,0,2,42,49.1,46.0,0,0,2,0,clear,0,0,2,0.4
j006,2026-08-10 02:00:00,0,2,5,74.7,4.9,0,0,0,0,fog,0,0,0,2.9
j007,2026-08-10 02:00:00,0,2,15,76.0,14.2,0,1,1,0,clear,0,0,2,0.0
j008,2026-08-10 02:00:00,0,2,25,66.7,22.6,0,2,1,0,clear,0,0,0,2.9
j009,2026-08-10 02:00:00,0,2,31,56.0,34.3,0,1,2,0,clear,0,0,0,6.3
j010,2026-08-10 02:00:00,0,2,42,43.9,46.4,0,4,3,0,clear,0,0,1,25.8
j011,2026-08-10 02:00:00,0,2,8,77.9,6.9,0,0,1,0,clear,0,0,0,7.6
j012,2026-08-10 02:00:00,0,2,14,61.1,13.7,0,1,0,0,clear,0,0,1,6.1
j013,2026-08-10 02:00:00,0,2,30,59.6,30.4,0,1,1,0,clear,0,0,1,7.3
j014,2026-08-10 02:00:00,0,2,37,54.8,36.4,0,2,0,0,clear,0,0,2,17.1
j015,2026-08-10 02:00:00,0,2,45,53.0,43.2,0,3,6,0,clear,0,0,3,7.8
j016,2026-08-10 02:00:00,0,2,6,78.5,5.2,0,0,0,0,clear,0,0,2,0.0
j017,2026-08-10 02:00:00,0,2,17,66.8,17.3,0,1,0,0,clear,0,0,2,2.2
j018,2026-08-10 02:00:00,0,2,25,64.9,22.2,0,1,2,0,clear,0,0,1,0.0
j001,2026-08-10 03:00:00,0,3,10,80.0,8.1,0,1,0,0,clear,0,0,0,0.0
j002,2026-08-10 03:00:00,0,3,14,61.4,16.5,0,0,0,0,clear,0,0,0,0.2
j003,2026-08-10 03:00:00,0,3,23,78.7,20.2,0,2,6,0,clear,0,0,3,2.3
j004,2026-08-10 03:00:00,0,3,38,57.1,39.3,0,1,2,0,clear,0,0,0,11.0
j005,2026-08-10 03:00:00,0,3,47,39.1,55.9,0,2,5,0,clear,0,0,3,11.1
j006,2026-08-10 03:00:00,0,3,5,78.4,5.2,0,1,0,0,rain,0,0,2,0.0
j007,2026-08-10 03:00:00,0,3,20,68.4,19.4,0,0,1,0,clear,0,0,0,0.0
j008,2026-08-10 03:00:00,0,3,30,59.8,32.7,0,1,2,0,clear,0,0,0,10.9
j009,2026-08-10 03:00:00,0,3,32,55.0,35.5,0,1,4,0,clear,0,0,2,15.1
j010,2026-08-10 03:00:00,0,3,43,53.2,47.4,0,5,1,0,fog,0,0,0,24.7
j011,2026-08-10 03:00:00,0,3,6,74.4,6.6,0,1,0,0,clear,0,0,0,1.6
j012,2026-08-10 03:00:00,0,3,19,52.0,21.9,0,2,3,0,clear,0,0,0,15.5
j013,2026-08-10 03:00:00,0,3,29,62.3,34.1,0,4,3,0,clear,0,0,0,10.1
j014,2026-08-10 03:00:00,0,3,32,58.4,29.1,0,2,7,0,clear,0,0,0,9.0
j015,2026-08-10 03:00:00,0,3,49,49.6,46.7,0,2,3,1,clear,0,0,0,19.7
j016,2026-08-10 03:00:00,0,3,7,71.9,7.2,0,2,1,0,clear,0,0,1,0.0
j017,2026-08-10 03:00:00,0,3,15,67.8,17.8,0,1,3,0,clear,0,0,0,12.3
j018,2026-08-10 03:00:00,0,3,22,63.5,25.8,0,4,2,0,clear,0,0,0,7.6
j001,2026-08-10 04:00:00,0,4,10,71.4,10.2,0,1,0,0,clear,0,0,0,0.0
j002,2026-08-10 04:00:00,0,4,16,71.5,13.5,0,0,1,0,clear,0,0,4,0.0
j003,2026-08-10 04:00:00,0,4,24,63.9,19.8,0,0,0,0,clear,0,0,3,1.6
j004,2026-08-10 04:00:00,0,4,39,47.3,43.3,0,1,7,0,clear,0,0,2,8.5
j005,2026-08-10 04:00:00,0,4,43,53.2,37.1,0,0,4,0,clear,0,0,0,6.0
j006,2026-08-10 04:00:00,0,4,5,73.2,4.4,0,0,1,0,clear,0,0,1,0.0
j007,2026-08-10 04:00:00,0,4,12,65.6,13.7,0,1,1,0,clear,1,0,1,6.6
j008,2026-08-10 04:00:00,0,4,30,49.3,33.9,0,0,2,0,fog,0,0,1,6.3
j009,2026-08-10 04:00:00,0,4,32,57.7,34.7,0,2,5,0,clear,0,0,0,16.9
j010,2026-08-10 04:00:00,0,4,48,52.8,42.6,0,3,5,0,clear,0,0,2,7.4
j011,2026-08-10 04:00:00,0,4,7,74.8,7.7,0,0,0,0,clear,0,0,3,0.8
j012,2026-08-10 04:00:00,0,4,18,73.7,18.9,0,2,0,0,clear,0,0,0,10.1
j013,2026-08-10 04:00:00,0,4,23,60.0,23.7,0,0,2,0,clear,0,0,0,8.6
j014,2026-08-10 04:00:00,0,4,31,62.4,25.7,0,2,2,0,clear,0,0,2,0.0
j015,2026-08-10 04:00:00,0,4,45,50.6,39.7,0,2,1,0,clear,0,0,0,9.3
j016,2026-08-10 04:00:00,0,4,6,68.1,6.0,0,0,0,0,clear,0,0,1,1.0
j017,2026-08-10 04:00:00,0,4,16,67.5,13.4,0,0,3,0,clear,0,0,0,14.9
j018,2026-08-10 04:00:00,0,4,23,62.9,25.7,0,3,0,0,clear,0,0,1,9.4
j001,2026-08-10 05:00:00,0,5,5,80.0,4.2,0,0,2,0,clear,0,0,0,5.9
j002,2026-08-10 05:00:00,0,5,20,74.7,18.9,0,1,1,0,clear,0,0,1,0.0
j003,2026-08-10 05:00:00,0,5,21,63.1,24.8,0,1,3,0,clear,0,0,2,0.0
j004,2026-08-10 05:00:00,0,5,37,45.8,43.4,0,1,3,0,clear,0,0,0,12.2
j005,2026-08-10 05:00:00,0,5,44,47.5,47.2,0,0,5,0,clear,0,0,2,2.5
j006,2026-08-10 05:00:00,0,5,5,74.0,5.3,0,0,0,0,clear,0,0,3,0.0
j007,2026-08-10 05:00:00,0,5,14,72.5,14.5,0,0,0,0,clear,0,0,0,0.0
j008,2026-08-10 05:00:00,0,5,22,60.6,22.0,0,3,0,0,clear,0,0,0,15.9
j009,2026-08-10 05:00:00,0,5,40,42.5,41.5,0,4,4,0,clear,0,0,0,9.8
j010,2026-08-10 05:00:00,0,5,48,39.8,52.4,0,3,2,0,clear,0,0,1,13.4
j011,2026-08-10 05:00:00,0,5,8,80.0,6.9,0,0,0,0,clear,0,0,1,0.0
j012,2026-08-10 05:00:00,0,5,20,61.7,17.8,0,0,2,0,rain,0,0,1,0.1
j013,2026-08-10 05:00:00,0,5,27,61.1,23.9,0,3,0,0,clear,0,0,3,5.0
j014,2026-08-10 05:00:00,0,5,35,52.2,32.4,0,4,1,0,clear,0,0,0,13.3
j015,2026-08-10 05:00:00,0,5,47,49.3,45.9,0,2,2,0,fog,0,0,1,12.3
j016,2026-08-10 05:00:00,0,5,8,71.8,6.6,0,1,0,0,clear,0,0,3,0.0
j017,2026-08-10 05:00:00,0,5,18,74.1,17.0,0,1,1,0,clear,0,0,1,1.1
j018,2026-08-10 05:00:00,0,5,26,53.4,29.5,0,0,1,0,clear,0,0,0,10.6
j001,2026-08-10 06:00:00,0,6,21,65.5,19.5,0,1,4,0,clear,0,0,0,16.9
j002,2026-08-10 06:00:00,0,6,57,35.5,63.4,0,3,4,0,clear,0,0,0,27.3
j003,2026-08-10 06:00:00,0,6,56,29.6,66.2,0,3,2,0,clear,1,0,1,28.6
j004,2026-08-10 06:00:00,0,6,57,31.8,59.8,0,4,9,0,rain,0,0,1,23.4
j005,2026-08-10 06:00:00,0,6,84,30.7,72.7,0,1,7,0,clear,0,0,0,22.8
j006,2026-08-10 06:00:00,0,6,41,49.9,45.2,0,0,3,0,clear,0,0,2,0.0
j007,2026-08-10 06:00:00,0,6,52,42.5,55.9,0,1,0,0,clear,0,0,1,16.2
j008,2026-08-10 06:00:00,0,6,50,51.4,46.2,0,3,3,0,clear,0,0,2,12.7
j009,2026-08-10 06:00:00,0,6,75,38.9,71.0,0,4,5,0,clear,0,0,1,19.1
j010,2026-08-10 06:00:00,0,6,61,34.1,63.4,0,5,4,0,clear,0,0,2,16.6
j011,2026-08-10 06:00:00,0,6,20,72.5,19.4,0,1,1,0,clear,0,0,0,9.2
j012,2026-08-10 06:00:00,0,6,46,55.1,47.6,0,1,3,0,clear,0,0,1,15.3
j013,2026-08-10 06:00:00,0,6,46,56.2,45.9,0,1,4,0,clear,0,0,1,9.6
j014,2026-08-10 06:00:00,0,6,65,42.6,61.7,0,2,5,0,clear,0,0,1,16.0
j015,2026-08-10 06:00:00,0,6,85,26.9,82.2,1,6,2,0,rain,0,0,2,25.8
j016,2026-08-10 06:00:00,0,6,45,49.2,45.8,0,2,2,0,rain,0,0,0,26.4
j017,2026-08-10 06:00:00,0,6,44,48.1,44.2,0,2,2,0,clear,0,0,1,17.8
j018,2026-08-10 06:00:00,0,6,48,47.4,49.2,0,1,3,0,clear,0,0,0,23.0
j001,2026-08-10 07:00:00,0,7,31,62.7,31.3,0,2,2,0,clear,0,0,1,4.3
j002,2026-08-10 07:00:00,0,7,37,51.9,37.1,0,3,3,0,fog,0,0,1,16.0
j003,2026-08-10 07:00:00,0,7,67,20.0,77.2,0,4,7,0,clear,0,0,1,22.7
j004,2026-08-10 07:00:00,0,7,75,29.9,67.3,0,4,4,0,clear,0,1,1,32.7
j005,2026-08-10 07:00:00,0,7,79,28.2,70.4,0,4,10,0,clear,0,0,1,28.1
j006,2026-08-10 07:00:00,0,7,49,39.7,54.9,0,0,8,0,clear,0,0,1,16.0
j007,2026-08-10 07:00:00,0,7,50,43.3,50.8,0,3,2,0,rain,0,0,1,16.5
j008,2026-08-10 07:00:00,0,7,62,33.5,62.8,0,4,4,0,clear,0,0,1,22.3
j009,2026-08-10 07:00:00,0,7,71,34.2,69.1,0,5,4,0,clear,0,0,1,27.6
j010,2026-08-10 07:00:00,0,7,84,33.4,67.3,0,4,6,0,clear,0,0,1,18.5
j011,2026-08-10 07:00:00,0,7,29,60.6,26.6,0,1,2,0,clear,0,0,0,12.1
j012,2026-08-10 07:00:00,0,7,30,62.8,28.7,0,1,3,0,clear,0,0,0,11.7
j013,2026-08-10 07:00:00,0,7,59,34.3,63.4,0,1,3,0,rain,0,0,0,19.1
j014,2026-08-10 07:00:00,0,7,60,30.6,62.4,0,1,9,0,rain,0,0,2,21.4
j015,2026-08-10 07:00:00,0,7,80,28.9,86.2,0,8,7,0,rain,0,0,1,30.5
j016,2026-08-10 07:00:00,0,7,47,60.0,37.7,0,1,4,0,fog,0,0,1,12.4
j017,2026-08-10 07:00:00,0,7,55,48.2,44.9,0,0,4,0,clear,0,0,2,6.0
j018,2026-08-10 07:00:00,0,7,54,60.6,46.5,0,3,3,0,clear,0,0,2,0.8
j001,2026-08-10 08:00:00,0,8,61,21.4,88.7,0,4,8,0,clear,0,0,3,25.8
j002,2026-08-10 08:00:00,0,8,88,11.1,100.0,0,5,11,0,clear,0,0,0,34.4
j003,2026-08-10 08:00:00,0,8,84,13.6,100.0,0,3,10,0,clear,0,0,0,29.6
j004,2026-08-10 08:00:00,0,8,97,12.9,100.0,0,2,4,0,rain,0,0,0,36.4
j005,2026-08-10 08:00:00,0,8,100,5.0,100.0,0,5,5,0,clear,0,0,2,25.7
j006,2026-08-10 08:00:00,0,8,69,28.4,88.4,0,3,6,0,clear,0,0,0,32.4
j007,2026-08-10 08:00:00,0,8,87,15.0,94.2,0,5,10,0,rain,0,0,0,43.5
j008,2026-08-10 08:00:00,0,8,90,6.7,100.0,0,5,7,0,clear,0,0,2,25.4
j009,2026-08-10 08:00:00,0,8,90,9.5,100.0,0,3,4,0,clear,0,0,1,24.7
j010,2026-08-10 08:00:00,0,8,100,8.9,100.0,0,2,10,0,clear,0,0,0,20.0
j011,2026-08-10 08:00:00,0,8,60,16.6,81.7,0,4,6,0,clear,0,0,3,11.1
j012,2026-08-10 08:00:00,0,8,78,13.5,98.9,0,2,7,0,clear,0,0,1,28.1
j013,2026-08-10 08:00:00,0,8,94,5.0,100.0,1,3,5,0,clear,0,0,3,25.8
j014,2026-08-10 08:00:00,0,8,100,12.7,100.0,0,4,1,0,clear,0,0,0,28.1
j015,2026-08-10 08:00:00,0,8,100,13.6,100.0,0,4,3,0,clear,0,0,1,20.5
j016,2026-08-10 08:00:00,0,8,62,12.6,93.8,0,2,10,0,clear,0,0,1,25.4
j017,2026-08-10 08:00:00,0,8,80,8.0,100.0,0,5,10,0,rain,0,0,3,34.8
j018,2026-08-10 08:00:00,0,8,84,12.2,100.0,0,6,4,0,clear,0,0,0,34.2
j001,2026-08-10 09:00:00,0,9,79,16.6,98.5,0,6,7,0,clear,0,0,1,26.3
j002,2026-08-10 09:00:00,0,9,86,5.0,100.0,0,5,4,0,clear,0,0,0,29.9
j003,2026-08-10 09:00:00,0,9,88,13.7,99.3,0,5,5,0,clear,0,0,1,23.3
j004,2026-08-10 09:00:00,0,9,100,19.1,100.0,0,4,8,0,clear,0,1,1,35.5
j005,2026-08-10 09:00:00,0,9,100,5.0,100.0,0,3,6,0,clear,0,0,0,36.8
j006,2026-08-10 09:00:00,0,9,77,5.0,100.0,1,5,7,0,clear,0,0,1,35.8
j007,2026-08-10 09:00:00,0,9,89,26.1,85.5,0,5,8,0,clear,0,0,0,35.5
j008,2026-08-10 09:00:00,0,9,85,18.5,100.0,0,6,8,0,clear,0,1,3,30.8
j009,2026-08-10 09:00:00,0,9,100,12.3,100.0,0,5,8,0,clear,0,0,2,21.3
j010,2026-08-10 09:00:00,0,9,100,15.3,100.0,0,6,4,0,clear,0,1,1,36.3
j011,2026-08-10 09:00:00,0,9,76,15.3,93.4,0,2,7,0,fog,0,0,0,35.4
j012,2026-08-10 09:00:00,0,9,88,11.8,100.0,0,7,4,0,clear,0,0,0,31.3
j013,2026-08-10 09:00:00,0,9,90,6.5,100.0,0,4,7,0,clear,0,0,2,20.4
j014,2026-08-10 09:00:00,0,9,91,12.9,97.6,0,3,5,0,clear,0,0,0,25.4
j015,2026-08-10 09:00:00,0,9,100,15.3,100.0,0,5,4,0,clear,0,0,2,24.9
j016,2026-08-10 09:00:00,0,9,74,18.0,87.2,0,4,4,0,clear,0,1,1,26.1
j017,2026-08-10 09:00:00,0,9,86,16.5,92.6,0,7,11,0,clear,0,0,0,43.3
j018,2026-08-10 09:00:00,0,9,87,14.3,100.0,0,2,10,0,clear,0,0,1,29.4
j001,2026-08-10 10:00:00,0,10,34,54.9,38.4,0,2,2,0,rain,0,0,2,11.3
j002,2026-08-10 10:00:00,0,10,43,48.6,49.7,1,3,2,0,clear,0,0,0,19.5
j003,2026-08-10 10:00:00,0,10,54,46.0,49.8,0,2,1,0,clear,0,0,0,14.3
j004,2026-08-10 10:00:00,0,10,72,28.2,81.7,0,7,9,0,clear,0,0,1,38.8
j005,2026-08-10 10:00:00,0,10,77,35.5,65.0,0,4,3,0,clear,0,0,1,21.5
j006,2026-08-10 10:00:00,0,10,46,47.3,49.7,0,3,5,0,clear,0,0,3,11.3
j007,2026-08-10 10:00:00,0,10,36,60.8,36.0,0,0,1,0,clear,0,0,1,4.2
j008,2026-08-10 10:00:00,0,10,67,40.2,55.4,0,2,2,0,fog,0,0,1,14.9
j009,2026-08-10 10:00:00,0,10,57,38.5,50.3,0,3,4,1,clear,0,0,1,19.4
j010,2026-08-10 10:00:00,0,10,65,24.0,72.3,0,4,4,0,fog,0,0,0,23.1
j011,2026-08-10 10:00:00,0,10,42,40.7,47.7,0,4,4,0,clear,0,0,1,12.1
j012,2026-08-10 10:00:00,0,10,55,37.8,63.1,0,2,6,0,clear,0,0,0,20.9
j013,2026-08-10 10:00:00,0,10,49,48.1,46.4,0,3,3,0,rain,0,0,1,13.6
j014,2026-08-10 10:00:00,0,10,50,41.1,51.1,0,6,7,0,clear,0,0,0,17.3
j015,2026-08-10 10:00:00,0,10,76,30.4,76.3,0,2,4,0,clear,0,0,0,24.3
j016,2026-08-10 10:00:00,0,10,44,54.2,38.5,0,1,3,0,clear,0,0,0,14.8
j017,2026-08-10 10:00:00,0,10,42,54.4,47.5,0,1,6,0,rain,0,0,0,22.3
j018,2026-08-10 10:00:00,0,10,50,57.0,46.8,0,3,2,0,fog,0,0,2,11.9
j001,2026-08-10 11:00:00,0,11,46,54.7,38.5,0,3,6,0,clear,1,0,1,12.1
j002,2026-08-10 11:00:00,0,11,31,61.6,35.4,0,1,6,0,clear,0,0,0,10.1
j003,2026-08-10 11:00:00,0,11,54,47.8,52.6,0,7,1,0,clear,0,0,1,16.6
j004,2026-08-10 11:00:00,0,11,62,36.7,64.1,0,6,4,0,clear,0,0,0,22.1
j005,2026-08-10 11:00:00,0,11,60,41.5,59.0,0,5,4,0,clear,0,0,1,11.5
j006,2026-08-10 11:00:00,0,11,41,44.7,45.3,0,0,2,0,rain,0,0,2,16.1
j007,2026-08-10 11:00:00,0,11,54,38.3,58.6,0,3,6,0,clear,0,0,2,11.4
j008,2026-08-10 11:00:00,0,11,54,43.1,49.4,0,1,2,0,fog,0,0,1,16.7
j009,2026-08-10 11:00:00,0,11,61,37.0,71.2,0,6,8,0,clear,0,0,0,34.8
j010,2026-08-10 11:00:00,0,11,62,35.9,70.1,0,2,5,0,fog,0,0,1,29.8
j011,2026-08-10 11:00:00,0,11,28,56.4,24.4,0,1,0,0,clear,0,0,0,9.7
j012,2026-08-10 11:00:00,0,11,55,41.7,51.5,0,3,2,0,rain,0,0,0,16.7
j013,2026-08-10 11:00:00,0,11,42,55.2,34.1,0,1,4,0,clear,0,0,1,9.1
j014,2026-08-10 11:00:00,0,11,61,36.5,58.8,0,1,1,0,clear,0,0,0,13.3
j015,2026-08-10 11:00:00,0,11,66,27.6,54.2,0,2,4,0,clear,0,0,0,15.8
j016,2026-08-10 11:00:00,0,11,23,68.7,23.8,0,2,1,0,clear,0,0,0,5.2
j017,2026-08-10 11:00:00,0,11,33,61.2,27.8,0,0,0,1,clear,0,0,0,7.1
j018,2026-08-10 11:00:00,0,11,42,47.6,43.3,0,2,3,0,clear,0,0,1,14.9
j001,2026-08-10 12:00:00,0,12,37,52.3,33.4,0,4,0,0,clear,0,0,0,0.0
j002,2026-08-10 12:00:00,0,12,56,47.4,58.1,0,3,4,0,clear,0,0,0,24.0
j003,2026-08-10 12:00:00,0,12,48,41.6,57.5,0,1,9,0,clear,0,0,0,15.0
j004,2026-08-10 12:00:00,0,12,70,40.4,57.9,0,4,8,0,clear,0,0,1,15.8
j005,2026-08-10 12:00:00,0,12,65,30.7,69.8,0,5,3,0,rain,0,0,2,6.3
j006,2026-08-10 12:00:00,0,12,21,57.7,21.9,0,0,0,0,fog,0,0,4,0.0
j007,2026-08-10 12:00:00,0,12,44,57.2,40.8,0,4,3,1,clear,0,0,0,17.0
j008,2026-08-10 12:00:00,0,12,54,38.6,56.5,0,2,3,0,clear,0,0,2,13.7
j009,2026-08-10 12:00:00,0,12,60,49.7,54.5,0,3,6,0,clear,0,0,2,5.8
j010,2026-08-10 12:00:00,0,12,79,27.9,84.6,0,3,5,0,clear,0,0,1,20.8
j011,2026-08-10 12:00:00,0,12,34,64.2,33.3,0,1,2,0,clear,0,0,0,17.8
j012,2026-08-10 12:00:00,0,12,56,41.9,52.4,0,2,6,0,clear,0,0,0,13.8
j013,2026-08-10 12:00:00,0,12,55,39.0,56.3,0,3,4,0,clear,0,0,1,20.7
j014,2026-08-10 12:00:00,0,12,55,37.6,59.9,0,6,4,0,clear,0,0,2,13.7
j015,2026-08-10 12:00:00,0,12,64,25.8,74.4,0,2,3,0,clear,0,0,0,24.5
j016,2026-08-10 12:00:00,0,12,47,51.4,37.9,0,4,2,0,clear,0,0,1,10.7
j017,2026-08-10 12:00:00,0,12,58,45.1,57.6,0,1,3,0,fog,0,0,0,20.3
j018,2026-08-10 12:00:00,0,12,48,27.7,55.7,0,5,3,0,clear,0,0,0,26.4
j001,2026-08-10 13:00:00,0,13,47,47.1,39.0,0,1,1,0,fog,0,0,0,25.0
j002,2026-08-10 13:00:00,0,13,59,32.6,58.8,0,1,8,0,clear,0,0,0,23.3
j003,2026-08-10 13:00:00,0,13,58,39.3,54.2,0,3,3,0,clear,0,0,1,22.8
j004,2026-08-10 13:00:00,0,13,63,47.1,50.7,0,2,5,0,clear,0,0,0,25.7
j005,2026-08-10 13:00:00,0,13,83,16.0,91.0,0,7,5,0,clear,0,0,1,27.5
j006,2026-08-10 13:00:00,0,13,27,60.6,23.0,0,1,0,0,clear,0,0,0,7.1
j007,2026-08-10 13:00:00,0,13,31,61.2,35.8,0,3,1,0,clear,0,0,1,10.8
j008,2026-08-10 13:00:00,0,13,55,51.0,47.9,0,1,4,0,clear,0,0,3,10.1
j009,2026-08-10 13:00:00,0,13,78,19.2,91.5,0,3,7,0,clear,0,0,2,22.0
j010,2026-08-10 13:00:00,0,13,82,28.4,70.6,0,5,3,0,clear,0,0,3,9.9
j011,2026-08-10 13:00:00,0,13,22,54.9,25.0,0,1,1,0,rain,0,0,2,0.9
j012,2026-08-10 13:00:00,0,13,53,46.7,44.5,0,2,1,0,clear,0,0,1,14.7
j013,2026-08-10 13:00:00,0,13,66,27.3,74.2,0,4,3,0,clear,0,0,2,19.3
j014,2026-08-10 13:00:00,0,13,53,40.6,54.6,0,7,2,0,clear,0,0,1,7.6
j015,2026-08-10 13:00:00,0,13,74,32.7,66.6,0,2,6,0,clear,0,0,1,20.7
j016,2026-08-10 13:00:00,0,13,36,55.7,35.3,0,5,1,0,clear,0,0,1,15.7
j017,2026-08-10 13:00:00,0,13,45,46.1,42.8,0,1,5,0,clear,0,0,0,28.0
j018,2026-08-10 13:00:00,0,13,66,43.4,62.7,0,0,2,0,clear,0,0,0,21.0
j001,2026-08-10 14:00:00,0,14,24,62.9,25.8,0,1,1,0,clear,0,0,2,2.7
j002,2026-08-10 14:00:00,0,14,47,47.5,39.4,0,1,3,0,clear,0,0,0,19.1
j003,2026-08-10 14:00:00,0,14,64,29.8,58.7,0,3,2,0,clear,0,0,0,12.1
j004,2026-08-10 14:00:00,0,14,73,32.9,66.7,0,3,3,0,fog,0,0,3,10.5
j005,2026-08-10 14:00:00,0,14,78,19.8,84.3,0,4,5,0,clear,0,0,2,14.6
j006,2026-08-10 14:00:00,0,14,21,70.3,23.2,0,1,0,0,rain,0,0,1,5.7
j007,2026-08-10 14:00:00,0,14,30,61.2,30.7,0,3,5,0,clear,0,0,1,11.4
j008,2026-08-10 14:00:00,0,14,43,43.1,43.3,0,0,4,0,clear,0,0,0,11.6
j009,2026-08-10 14:00:00,0,14,74,33.1,59.4,0,4,5,0,clear,0,0,0,21.0
j010,2026-08-10 14:00:00,0,14,77,34.4,77.1,0,4,7,0,clear,0,0,4,23.7
j011,2026-08-10 14:00:00,0,14,33,56.8,36.2,0,0,4,0,clear,0,0,0,13.6
j012,2026-08-10 14:00:00,0,14,36,54.6,35.8,0,2,4,0,clear,0,0,0,11.6
j013,2026-08-10 14:00:00,0,14,49,42.9,58.4,0,1,8,0,clear,0,0,1,11.7
j014,2026-08-10 14:00:00,0,14,56,33.2,57.2,0,1,5,0,clear,0,0,4,8.3
j015,2026-08-10 14:00:00,0,14,82,17.8,89.2,0,2,6,0,clear,0,0,1,28.6
j016,2026-08-10 14:00:00,0,14,44,63.7,45.8,0,1,2,0,clear,0,0,1,4.9
j017,2026-08-10 14:00:00,0,14,36,43.3,41.7,0,4,0,0,clear,0,0,0,9.4
j018,2026-08-10 14:00:00,0,14,45,46.6,47.1,0,0,2,0,clear,0,0,1,2.1
j001,2026-08-10 15:00:00,0,15,21,56.4,20.2,0,2,0,0,clear,0,0,1,0.0
j002,2026-08-10 15:00:00,0,15,37,54.3,31.2,0,5,3,0,clear,0,0,2,6.2
j003,2026-08-10 15:00:00,0,15,69,34.8,57.0,0,4,2,0,rain,0,0,2,14.1
j004,2026-08-10 15:00:00,0,15,62,35.3,65.7,0,3,5,0,clear,0,0,0,26.1
j005,2026-08-10 15:00:00,0,15,86,13.4,97.9,0,0,4,0,clear,0,0,1,26.3
j006,2026-08-10 15:00:00,0,15,32,58.8,34.3,0,2,4,0,clear,0,0,3,2.9
j007,2026-08-10 15:00:00,0,15,33,60.6,34.7,0,2,2,0,clear,0,0,0,13.5
j008,2026-08-10 15:00:00,0,15,40,49.9,34.7,0,2,4,0,clear,0,0,0,4.4
j009,2026-08-10 15:00:00,0,15,64,26.9,76.3,0,6,5,0,clear,0,0,2,7.3
j010,2026-08-10 15:00:00,0,15,87,24.1,80.4,0,6,1,0,clear,1,0,0,17.5
j011,2026-08-10 15:00:00,0,15,45,44.1,44.3,0,0,0,0,clear,0,0,1,13.0
j012,2026-08-10 15:00:00,0,15,33,57.6,33.8,0,3,4,0,clear,0,0,0,8.9
j013,2026-08-10 15:00:00,0,15,60,31.7,61.9,0,2,1,0,clear,0,0,0,12.8
j014,2026-08-10 15:00:00,0,15,70,27.7,69.2,0,8,2,0,clear,0,0,0,32.3
j015,2026-08-10 15:00:00,0,15,66,35.5,63.5,0,5,4,0,clear,0,0,1,25.2
j016,2026-08-10 15:00:00,0,15,31,59.5,33.5,0,0,1,0,clear,0,0,2,0.0
j017,2026-08-10 15:00:00,0,15,37,49.1,38.2,0,2,3,0,rain,0,0,0,25.2
j018,2026-08-10 15:00:00,0,15,50,46.7,43.5,0,2,1,0,clear,1,0,2,10.3
j001,2026-08-10 16:00:00,0,16,31,58.0,37.0,0,1,1,0,clear,0,0,0,5.1
j002,2026-08-10 16:00:00,0,16,47,50.2,45.4,0,1,2,0,clear,0,0,2,6.6
j003,2026-08-10 16:00:00,0,16,52,47.0,49.2,0,2,3,0,clear,0,0,0,15.5
j004,2026-08-10 16:00:00,0,16,52,38.5,54.8,0,1,6,0,clear,0,0,1,12.8
j005,2026-08-10 16:00:00,0,16,62,41.3,61.4,0,3,3,0,clear,0,0,0,10.6
j006,2026-08-10 16:00:00,0,16,36,52.7,35.4,0,3,0,0,clear,0,0,0,6.8
j007,2026-08-10 16:00:00,0,16,47,44.6,49.6,0,1,3,0,rain,0,0,0,16.1
j008,2026-08-10 16:00:00,0,16,62,39.6,60.4,0,2,4,0,clear,0,0,2,10.4
j009,2026-08-10 16:00:00,0,16,56,28.5,67.1,0,0,8,0,clear,0,0,1,14.3
j010,2026-08-10 16:00:00,0,16,78,34.9,65.4,0,7,7,0,clear,0,1,0,28.0
j011,2026-08-10 16:00:00,0,16,34,43.6,39.3,0,2,4,0,clear,0,0,1,0.0
j012,2026-08-10 16:00:00,0,16,55,42.2,57.3,0,4,3,0,clear,0,0,1,27.6
j013,2026-08-10 16:00:00,0,16,66,43.9,60.0,0,3,5,0,clear,0,0,3,20.8
j014,2026-08-10 16:00:00,0,16,54,41.8,53.9,0,1,4,0,clear,0,1,2,17.0
j015,2026-08-10 16:00:00,0,16,67,33.5,57.5,0,5,4,0,rain,0,0,0,29.2
j016,2026-08-10 16:00:00,0,16,34,52.4,30.0,0,1,2,0,clear,0,0,1,9.3
j017,2026-08-10 16:00:00,0,16,48,45.7,40.9,0,3,5,0,clear,0,0,2,12.5
j018,2026-08-10 16:00:00,0,16,59,56.6,47.4,0,2,4,0,clear,0,0,3,5.3
j001,2026-08-10 17:00:00,0,17,76,21.1,81.5,0,2,9,0,clear,0,0,2,24.9
j002,2026-08-10 17:00:00,0,17,82,6.3,97.3,0,4,6,0,clear,0,0,0,35.1
j003,2026-08-10 17:00:00,0,17,81,26.8,85.1,0,3,7,0,clear,0,0,2,26.6
j004,2026-08-10 17:00:00,0,17,93,8.5,100.0,0,3,7,0,rain,0,0,2,31.3
j005,2026-08-10 17:00:00,0,17,100,5.7,99.8,0,5,9,0,clear,0,0,1,35.6
j006,2026-08-10 17:00:00,0,17,67,5.0,96.2,0,5,6,0,rain,0,0,3,26.6
j007,2026-08-10 17:00:00,0,17,75,9.5,96.8,0,5,3,0,clear,0,0,0,38.4
j008,2026-08-10 17:00:00,0,17,88,18.5,90.1,0,7,5,0,clear,0,0,1,25.1
j009,2026-08-10 17:00:00,0,17,97,12.5,100.0,0,5,5,0,clear,0,0,1,31.8
j010,2026-08-10 17:00:00,0,17,100,5.9,100.0,0,5,6,0,clear,0,0,1,31.6
j011,2026-08-10 17:00:00,0,17,75,20.8,83.7,0,1,6,0,clear,0,0,0,26.1
j012,2026-08-10 17:00:00,0,17,72,23.3,89.2,0,1,8,0,clear,0,0,1,24.6
j013,2026-08-10 17:00:00,0,17,83,5.6,100.0,0,1,8,0,clear,0,0,1,25.5
j014,2026-08-10 17:00:00,0,17,95,6.9,96.9,0,4,4,0,clear,0,0,0,41.8
j015,2026-08-10 17:00:00,0,17,100,8.1,100.0,0,0,8,0,clear,1,0,2,30.1
j016,2026-08-10 17:00:00,0,17,70,21.1,80.2,0,5,2,0,clear,0,0,0,27.5
j017,2026-08-10 17:00:00,0,17,87,9.6,100.0,0,2,4,0,clear,0,0,1,17.7
j018,2026-08-10 17:00:00,0,17,96,6.6,100.0,0,6,5,0,clear,0,0,0,37.7
j001,2026-08-10 18:00:00,0,18,77,5.0,100.0,0,4,6,0,clear,0,0,3,23.0
j002,2026-08-10 18:00:00,0,18,72,18.1,96.0,0,5,7,0,clear,1,0,1,32.5
j003,2026-08-10 18:00:00,0,18,94,10.0,100.0,1,4,9,0,clear,0,0,0,45.1
j004,2026-08-10 18:00:00,0,18,92,14.0,100.0,0,3,10,0,clear,0,0,0,32.0
j005,2026-08-10 18:00:00,0,18,100,9.3,100.0,0,7,6,0,clear,0,0,1,27.4
j006,2026-08-10 18:00:00,0,18,66,11.7,82.5,0,2,5,0,clear,0,0,0,35.7
j007,2026-08-10 18:00:00,0,18,82,12.7,100.0,0,8,10,0,clear,0,0,2,27.1
j008,2026-08-10 18:00:00,0,18,91,8.1,100.0,0,6,6,0,clear,0,0,3,20.8
j009,2026-08-10 18:00:00,0,18,100,14.8,100.0,1,5,5,0,clear,0,0,1,45.7
j010,2026-08-10 18:00:00,0,18,100,17.0,100.0,0,10,5,0,clear,0,0,0,34.6
j011,2026-08-10 18:00:00,0,18,69,14.8,92.7,0,5,7,1,clear,0,0,0,29.5
j012,2026-08-10 18:00:00,0,18,86,8.9,100.0,0,2,9,0,fog,0,0,2,28.2
j013,2026-08-10 18:00:00,0,18,90,5.0,100.0,0,1,1,0,rain,0,0,0,30.7
j014,2026-08-10 18:00:00,0,18,95,5.0,100.0,0,6,11,0,clear,0,0,3,34.1
j015,2026-08-10 18:00:00,0,18,100,15.0,100.0,0,4,6,0,clear,0,0,0,44.2
j016,2026-08-10 18:00:00,0,18,65,19.6,83.6,0,6,6,0,clear,0,0,2,22.5
j017,2026-08-10 18:00:00,0,18,87,5.0,99.7,0,3,7,0,clear,0,0,2,18.9
j018,2026-08-10 18:00:00,0,18,92,11.8,100.0,0,5,5,0,clear,0,0,2,18.0
j001,2026-08-10 19:00:00,0,19,61,34.9,72.2,0,2,4,0,clear,0,0,1,17.8
j002,2026-08-10 19:00:00,0,19,88,17.0,100.0,0,3,2,0,clear,0,0,2,24.4
j003,2026-08-10 19:00:00,0,19,88,11.0,100.0,0,3,3,0,clear,0,0,0,29.2
j004,2026-08-10 19:00:00,0,19,100,14.6,100.0,0,5,7,0,clear,0,0,2,24.1
j005,2026-08-10 19:00:00,0,19,100,5.0,100.0,0,3,10,0,clear,0,0,1,35.3
j006,2026-08-10 19:00:00,0,19,62,20.5,88.2,1,2,7,0,clear,0,0,0,33.3
j007,2026-08-10 19:00:00,0,19,78,16.2,91.7,0,5,9,0,clear,0,0,1,19.9
j008,2026-08-10 19:00:00,0,19,81,5.0,100.0,0,2,3,0,clear,0,0,1,25.0
j009,2026-08-10 19:00:00,0,19,100,5.0,100.0,0,9,4,0,clear,0,0,0,34.2
j010,2026-08-10 19:00:00,0,19,100,20.0,100.0,0,5,7,0,rain,0,0,0,44.1
j011,2026-08-10 19:00:00,0,19,74,32.0,70.8,0,5,10,0,clear,0,0,0,27.1
j012,2026-08-10 19:00:00,0,19,89,10.8,100.0,0,5,4,0,clear,0,0,1,21.5
j013,2026-08-10 19:00:00,0,19,90,5.4,100.0,0,4,4,0,clear,0,0,2,32.4
j014,2026-08-10 19:00:00,0,19,100,10.9,100.0,0,0,3,0,rain,0,0,2,24.4
j015,2026-08-10 19:00:00,0,19,100,5.1,100.0,0,2,7,0,clear,0,0,2,27.2
j016,2026-08-10 19:00:00,0,19,74,5.0,100.0,0,1,4,0,rain,0,1,1,32.4
j017,2026-08-10 19:00:00,0,19,82,5.0,100.0,0,3,6,0,fog,0,0,0,41.0
j018,2026-08-10 19:00:00,0,19,89,5.6,100.0,0,4,2,0,clear,0,0,2,26.8
j001,2026-08-10 20:00:00,0,20,41,55.8,37.4,0,2,5,0,clear,0,0,3,4.4
j002,2026-08-10 20:00:00,0,20,42,60.8,34.9,0,3,2,0,clear,0,0,1,2.8
j003,2026-08-10 20:00:00,0,20,60,23.5,68.6,0,4,5,0,clear,0,0,2,16.0
j004,2026-08-10 20:00:00,0,20,66,42.3,59.5,0,3,4,0,clear,0,0,1,20.8
j005,2026-08-10 20:00:00,0,20,66,31.9,64.8,0,3,5,0,fog,0,0,2,17.0
j006,2026-08-10 20:00:00,0,20,48,45.9,53.1,0,2,3,0,clear,0,0,1,12.1
j007,2026-08-10 20:00:00,0,20,30,58.6,33.7,0,1,0,0,clear,0,0,1,4.9
j008,2026-08-10 20:00:00,0,20,63,21.6,69.2,0,1,1,0,clear,0,0,2,3.2
j009,2026-08-10 20:00:00,0,20,62,36.6,53.1,0,5,2,0,clear,0,0,1,18.0
j010,2026-08-10 20:00:00,0,20,87,31.6,79.8,0,4,3,0,fog,0,0,0,24.4
j011,2026-08-10 20:00:00,0,20,28,54.6,25.2,0,0,1,0,clear,0,0,3,12.1
j012,2026-08-10 20:00:00,0,20,39,56.1,43.4,0,1,2,0,clear,0,1,0,18.1
j013,2026-08-10 20:00:00,0,20,60,45.5,52.0,0,4,5,0,clear,0,0,1,19.8
j014,2026-08-10 20:00:00,0,20,58,44.1,62.3,0,4,3,0,clear,0,0,0,20.6
j015,2026-08-10 20:00:00,0,20,85,19.4,91.3,0,4,7,0,clear,0,0,1,36.4
j016,2026-08-10 20:00:00,0,20,38,61.4,38.8,0,2,2,0,clear,0,1,0,18.5
j017,2026-08-10 20:00:00,0,20,58,30.3,61.2,0,3,7,0,clear,0,0,1,25.4
j018,2026-08-10 20:00:00,0,20,55,41.1,56.3,0,3,0,0,clear,0,0,1,13.8
j001,2026-08-10 21:00:00,0,21,46,48.9,43.1,0,4,2,0,clear,0,0,0,9.6
j002,2026-08-10 21:00:00,0,21,34,52.1,39.0,0,3,4,0,clear,0,0,1,14.4
j003,2026-08-10 21:00:00,0,21,49,49.8,43.9,0,4,2,0,clear,0,0,2,0.0
j004,2026-08-10 21:00:00,0,21,59,36.7,66.8,0,4,6,0,clear,0,0,2,15.8
j005,2026-08-10 21:00:00,0,21,64,42.1,54.1,0,3,3,0,clear,0,0,3,17.8
j006,2026-08-10 21:00:00,0,21,28,58.5,30.0,0,0,4,0,fog,0,0,1,21.6
j007,2026-08-10 21:00:00,0,21,55,39.9,50.2,0,3,3,0,rain,0,0,1,21.4
j008,2026-08-10 21:00:00,0,21,56,31.0,65.5,0,3,3,0,rain,0,0,1,24.0
j009,2026-08-10 21:00:00,0,21,78,34.9,64.2,0,2,4,0,clear,0,0,3,9.1
j010,2026-08-10 21:00:00,0,21,88,29.2,75.9,0,3,8,0,clear,0,0,1,27.1
j011,2026-08-10 21:00:00,0,21,23,58.6,24.1,0,1,2,0,clear,0,0,1,4.9
j012,2026-08-10 21:00:00,0,21,55,39.9,63.7,0,0,4,0,clear,0,0,1,10.6
j013,2026-08-10 21:00:00,0,21,49,50.9,40.6,0,2,3,0,rain,0,0,0,22.5
j014,2026-08-10 21:00:00,0,21,57,46.1,54.4,0,3,5,0,clear,0,0,1,14.4
j015,2026-08-10 21:00:00,0,21,87,28.0,87.7,1,1,9,0,rain,0,0,2,36.3
j016,2026-08-10 21:00:00,0,21,24,61.4,26.9,0,0,1,0,clear,0,0,0,12.2
j017,2026-08-10 21:00:00,0,21,30,63.2,28.7,0,0,2,0,clear,0,0,0,9.3
j018,2026-08-10 21:00:00,0,21,44,57.7,37.1,0,0,1,0,clear,0,0,0,12.2
j001,2026-08-10 22:00:00,0,22,20,66.1,21.2,0,2,2,0,clear,0,0,1,2.0
j002,2026-08-10 22:00:00,0,22,50,61.0,43.2,0,4,5,0,clear,0,0,0,12.4
j003,2026-08-10 22:00:00,0,22,50,40.5,42.7,0,3,3,0,fog,0,0,2,21.3
j004,2026-08-10 22:00:00,0,22,66,43.4,66.9,0,1,4,0,clear,0,0,1,20.1
j005,2026-08-10 22:00:00,0,22,68,37.7,61.9,0,5,3,0,clear,0,0,3,10.1
j006,2026-08-10 22:00:00,0,22,26,69.4,20.8,0,0,2,0,clear,0,0,3,0.0
j007,2026-08-10 22:00:00,0,22,43,46.8,46.9,0,3,3,0,fog,0,0,1,15.3
j008,2026-08-10 22:00:00,0,22,58,43.5,47.9,0,3,0,0,clear,0,0,1,11.9
j009,2026-08-10 22:00:00,0,22,78,24.5,83.9,0,2,4,0,clear,0,0,1,22.9
j010,2026-08-10 22:00:00,0,22,72,31.0,80.2,0,3,3,0,clear,0,0,3,14.2
j011,2026-08-10 22:00:00,0,22,44,51.7,42.3,0,4,3,0,clear,0,0,1,9.4
j012,2026-08-10 22:00:00,0,22,31,56.2,35.0,0,2,1,0,clear,0,0,2,0.0
j013,2026-08-10 22:00:00,0,22,57,35.3,65.8,0,3,6,0,clear,0,0,1,17.5
j014,2026-08-10 22:00:00,0,22,70,21.8,83.0,0,5,7,0,clear,0,0,2,21.5
j015,2026-08-10 22:00:00,0,22,81,27.9,76.9,0,4,8,0,clear,0,0,0,20.0
j016,2026-08-10 22:00:00,0,22,33,62.6,31.8,0,0,2,0,clear,0,1,0,9.7
j017,2026-08-10 22:00:00,0,22,55,36.4,62.5,0,3,6,0,clear,0,0,0,19.3
j018,2026-08-10 22:00:00,0,22,66,38.2,61.3,0,3,5,0,clear,0,0,0,12.7
j001,2026-08-10 23:00:00,0,23,8,69.7,6.7,0,0,2,0,clear,0,0,0,5.8
j002,2026-08-10 23:00:00,0,23,16,69.6,15.0,0,0,0,0,clear,0,0,0,5.0
j003,2026-08-10 23:00:00,0,23,25,57.9,23.2,0,0,0,0,rain,0,0,0,15.8
j004,2026-08-10 23:00:00,0,23,40,52.7,32.9,0,1,2,0,clear,0,0,1,4.9
j005,2026-08-10 23:00:00,0,23,44,47.3,39.6,0,3,2,0,clear,0,0,0,11.1
j006,2026-08-10 23:00:00,0,23,5,80.0,4.3,0,0,0,0,clear,0,0,3,0.0
j007,2026-08-10 23:00:00,0,23,17,68.2,15.3,0,0,1,0,clear,0,0,1,0.5
j008,2026-08-10 23:00:00,0,23,22,59.6,23.7,0,1,2,0,clear,0,0,1,3.5
j009,2026-08-10 23:00:00,0,23,39,52.9,43.6,0,2,5,0,clear,0,0,0,17.2
j010,2026-08-10 23:00:00,0,23,50,46.6,44.0,0,2,0,0,clear,0,0,2,1.4
j011,2026-08-10 23:00:00,0,23,5,79.7,4.4,0,0,0,0,clear,0,0,0,0.0
j012,2026-08-10 23:00:00,0,23,16,74.5,17.9,0,2,3,0,fog,0,0,0,11.3
j013,2026-08-10 23:00:00,0,23,24,68.5,20.1,0,3,2,1,clear,1,0,4,3.3
j014,2026-08-10 23:00:00,0,23,38,46.9,32.8,0,2,2,0,clear,0,0,0,4.8
j015,2026-08-10 23:00:00,0,23,45,47.4,53.6,0,1,10,0,clear,0,1,0,17.3
j016,2026-08-10 23:00:00,0,23,5,66.6,4.0,1,0,2,0,clear,0,0,2,2.9
j017,2026-08-10 23:00:00,0,23,11,69.1,10.2,0,1,2,0,clear,0,0,0,2.7
j018,2026-08-10 23:00:00,0,23,26,56.7,21.4,0,0,2,0,rain,0,0,3,4.2
j001,2026-08-11 00:00:00,1,0,5,77.0,5.9,0,0,2,0,clear,0,1,0,7.4
j002,2026-08-11 00:00:00,1,0,19,73.8,15.6,0,1,1,0,clear,0,0,0,11.2
j003,2026-08-11 00:00:00,1,0,23,60.5,23.1,0,0,2,0,fog,0,0,0,9.4
j004,2026-08-11 00:00:00,1,0,38,57.8,35.1,0,3,4,0,rain,0,0,1,12.2
j005,2026-08-11 00:00:00,1,0,46,45.6,49.0,0,4,3,0,clear,0,0,2,6.3
j006,2026-08-11 00:00:00,1,0,5,77.9,5.3,0,0,0,0,rain,0,0,1,0.0
j007,2026-08-11 00:00:00,1,0,11,75.1,11.4,0,2,1,0,rain,0,0,1,9.6
j008,2026-08-11 00:00:00,1,0,27,59.0,23.7,0,1,0,0,clear,1,0,0,5.7
j009,2026-08-11 00:00:00,1,0,39,60.2,43.1,0,0,5,0,clear,0,0,1,11.9
j010,2026-08-11 00:00:00,1,0,42,46.2,40.5,0,4,3,0,clear,0,0,2,13.2
j011,2026-08-11 00:00:00,1,0,9,66.7,10.1,0,0,0,0,clear,0,0,2,0.0
j012,2026-08-11 00:00:00,1,0,11,63.1,12.4,0,0,1,0,clear,0,0,1,0.0
j013,2026-08-11 00:00:00,1,0,29,69.2,27.5,0,0,2,0,clear,0,0,1,0.0
j014,2026-08-11 00:00:00,1,0,34,75.5,27.5,0,0,2,0,rain,0,0,1,14.2
j015,2026-08-11 00:00:00,1,0,49,41.6,50.7,0,1,2,0,clear,0,0,1,10.5
j016,2026-08-11 00:00:00,1,0,5,70.4,5.7,0,0,1,0,clear,0,0,1,0.0
j017,2026-08-11 00:00:00,1,0,11,73.4,12.5,0,1,3,0,clear,0,0,0,4.5
j018,2026-08-11 00:00:00,1,0,21,55.8,18.9,0,1,0,0,clear,0,0,0,1.1
j001,2026-08-11 01:00:00,1,1,8,80.0,6.5,0,1,1,0,clear,0,0,1,3.1
j002,2026-08-11 01:00:00,1,1,15,74.3,15.0,0,2,1,0,clear,0,0,1,3.2
j003,2026-08-11 01:00:00,1,1,21,72.2,17.7,0,1,0,0,clear,1,0,0,6.4
j004,2026-08-11 01:00:00,1,1,38,53.8,40.6,0,1,1,0,clear,0,0,3,0.0
j005,2026-08-11 01:00:00,1,1,46,49.8,46.4,0,0,0,0,clear,0,0,0,6.9
j006,2026-08-11 01:00:00,1,1,8,67.7,7.2,0,1,0,0,clear,0,0,0,7.2
j007,2026-08-11 01:00:00,1,1,13,73.6,14.1,0,0,2,0,rain,0,0,0,10.0
j008,2026-08-11 01:00:00,1,1,29,63.5,25.4,0,0,2,0,clear,0,0,1,4.7
j009,2026-08-11 01:00:00,1,1,34,61.0,30.4,0,2,4,0,rain,0,0,2,13.5
j010,2026-08-11 01:00:00,1,1,50,28.5,58.7,0,0,3,0,clear,0,0,1,17.0
j011,2026-08-11 01:00:00,1,1,10,73.4,8.3,0,1,1,0,clear,0,0,3,0.0
j012,2026-08-11 01:00:00,1,1,13,77.2,14.7,0,2,1,0,clear,0,0,0,9.1
j013,2026-08-11 01:00:00,1,1,27,58.6,29.5,0,1,4,0,clear,0,0,3,0.7
j014,2026-08-11 01:00:00,1,1,34,51.4,27.3,0,4,2,0,clear,0,0,1,12.0
j015,2026-08-11 01:00:00,1,1,50,34.8,53.6,0,2,5,0,clear,0,0,1,23.0
j016,2026-08-11 01:00:00,1,1,8,72.0,7.2,0,0,0,0,fog,0,0,2,0.0
j017,2026-08-11 01:00:00,1,1,12,77.2,13.7,0,0,0,0,rain,0,0,1,17.9
j018,2026-08-11 01:00:00,1,1,25,59.0,21.0,0,1,1,0,clear,0,0,0,11.1
j001,2026-08-11 02:00:00,1,2,5,75.0,4.5,0,0,0,0,clear,0,0,1,0.0
j002,2026-08-11 02:00:00,1,2,12,79.9,9.7,0,0,1,0,clear,0,0,1,0.0
j003,2026-08-11 02:00:00,1,2,24,67.0,24.8,0,1,3,0,clear,0,0,2,7.4
j004,2026-08-11 02:00:00,1,2,40,53.4,35.3,0,2,2,0,clear,0,0,1,0.0
j005,2026-08-11 02:00:00,1,2,42,59.0,41.2,0,1,2,0,clear,0,0,2,6.9
j006,2026-08-11 02:00:00,1,2,10,62.5,10.5,0,0,0,0,clear,0,0,3,0.1
j007,2026-08-11 02:00:00,1,2,14,72.5,16.5,0,0,2,0,clear,0,0,0,1.2
j008,2026-08-11 02:00:00,1,2,26,67.4,21.1,0,1,2,0,clear,0,0,1,0.0
j009,2026-08-11 02:00:00,1,2,32,60.2,34.0,0,4,1,0,clear,0,0,0,11.2
j010,2026-08-11 02:00:00,1,2,46,57.7,47.9,0,0,1,0,clear,0,0,1,15.4
j011,2026-08-11 02:00:00,1,2,5,78.0,5.9,0,0,1,0,rain,0,0,2,3.1
j012,2026-08-11 02:00:00,1,2,19,64.7,20.5,0,2,2,0,clear,0,0,1,8.3
j013,2026-08-11 02:00:00,1,2,23,62.3,26.0,0,1,0,0,clear,0,0,1,0.0
j014,2026-08-11 02:00:00,1,2,37,68.1,31.1,0,4,2,0,clear,0,0,0,11.9
j015,2026-08-11 02:00:00,1,2,48,38.5,52.9,0,2,5,0,clear,0,0,3,4.8
j016,2026-08-11 02:00:00,1,2,7,79.1,5.8,0,0,1,0,clear,0,0,1,0.0
j017,2026-08-11 02:00:00,1,2,19,76.0,19.6,0,0,1,0,clear,0,0,0,2.4
j018,2026-08-11 02:00:00,1,2,21,64.1,20.9,0,0,3,0,clear,0,0,0,11.9
j001,2026-08-11 03:00:00,1,3,5,76.4,5.0,0,2,1,0,rain,0,0,1,6.8
j002,2026-08-11 03:00:00,1,3,16,63.2,16.6,0,1,1,0,rain,0,0,1,14.1
j003,2026-08-11 03:00:00,1,3,23,64.1,26.5,0,2,2,0,clear,0,0,2,5.7
j004,2026-08-11 03:00:00,1,3,33,67.8,37.8,0,1,0,0,fog,0,0,0,13.7
j005,2026-08-11 03:00:00,1,3,44,42.7,51.3,0,4,0,0,clear,0,0,1,4.3
j006,2026-08-11 03:00:00,1,3,10,72.2,9.2,0,0,1,0,clear,0,0,1,0.0
j007,2026-08-11 03:00:00,1,3,15,69.9,15.1,0,0,2,0,clear,0,0,0,9.1
j008,2026-08-11 03:00:00,1,3,22,72.3,23.4,0,0,1,0,clear,0,1,1,11.9
j009,2026-08-11 03:00:00,1,3,39,51.9,36.2,0,1,2,0,clear,0,0,0,1.6
j010,2026-08-11 03:00:00,1,3,50,37.4,48.9,0,3,2,0,clear,0,0,0,14.4
j011,2026-08-11 03:00:00,1,3,9,73.0,7.6,0,2,0,0,clear,0,0,0,0.3
j012,2026-08-11 03:00:00,1,3,16,71.6,13.9,0,0,0,0,clear,0,0,3,0.5
j013,2026-08-11 03:00:00,1,3,29,60.2,23.7,0,0,2,0,clear,0,0,0,7.9
j014,2026-08-11 03:00:00,1,3,34,48.6,38.5,0,1,3,0,clear,1,0,2,4.5
j015,2026-08-11 03:00:00,1,3,48,55.0,42.4,0,0,4,0,clear,0,0,0,9.8
j016,2026-08-11 03:00:00,1,3,10,80.0,8.4,0,1,1,0,clear,0,0,2,0.0
j017,2026-08-11 03:00:00,1,3,14,71.2,11.5,0,2,0,0,clear,0,0,2,0.0
j018,2026-08-11 03:00:00,1,3,25,66.3,24.6,0,0,2,0,clear,0,0,3,4.4
j001,2026-08-11 04:00:00,1,4,5,79.5,5.3,0,0,1,0,rain,0,0,4,0.0
j002,2026-08-11 04:00:00,1,4,16,74.0,14.6,0,2,0,1,clear,0,0,1,3.9
j003,2026-08-11 04:00:00,1,4,26,58.4,30.5,0,1,1,0,clear,0,0,1,4.3
j004,2026-08-11 04:00:00,1,4,34,55.9,34.2,0,5,3,0,clear,0,0,1,14.4
j005,2026-08-11 04:00:00,1,4,45,40.5,48.6,0,2,3,0,clear,0,0,0,13.8
j006,2026-08-11 04:00:00,1,4,8,72.7,6.4,0,0,1,0,clear,0,0,0,0.7
j007,2026-08-11 04:00:00,1,4,14,75.8,12.4,0,0,0,0,clear,0,0,1,3.3
j008,2026-08-11 04:00:00,1,4,23,64.3,19.8,0,0,2,0,clear,0,0,0,6.2
j009,2026-08-11 04:00:00,1,4,33,58.5,29.1,0,4,1,0,clear,1,0,2,9.0
j010,2026-08-11 04:00:00,1,4,41,58.8,38.5,0,4,2,0,clear,0,1,2,19.9
j011,2026-08-11 04:00:00,1,4,5,79.1,5.3,0,0,0,0,clear,0,0,1,0.0
j012,2026-08-11 04:00:00,1,4,20,63.3,23.2,0,0,2,0,clear,0,0,0,4.4
j013,2026-08-11 04:00:00,1,4,22,68.3,22.1,0,2,0,0,clear,0,0,3,0.0
j014,2026-08-11 04:00:00,1,4,37,55.8,39.4,0,0,3,0,clear,0,0,2,4.0
j015,2026-08-11 04:00:00,1,4,50,47.2,53.2,0,2,7,0,clear,0,0,1,15.5
j016,2026-08-11 04:00:00,1,4,5,80.0,5.8,0,2,0,0,clear,0,0,3,0.0
j017,2026-08-11 04:00:00,1,4,16,70.9,14.1,0,0,1,0,clear,0,0,1,0.0
j018,2026-08-11 04:00:00,1,4,25,60.2,29.4,0,1,2,0,clear,0,0,3,0.0
j001,2026-08-11 05:00:00,1,5,7,62.8,6.8,0,0,2,0,clear,1,0,1,1.3
j002,2026-08-11 05:00:00,1,5,11,69.6,12.9,0,0,0,0,clear,0,0,0,1.4
j003,2026-08-11 05:00:00,1,5,29,52.4,34.8,0,4,0,0,clear,0,0,0,10.1
j004,2026-08-11 05:00:00,1,5,39,63.6,38.1,0,1,4,0,clear,0,0,1,10.7
j005,2026-08-11 05:00:00,1,5,49,48.1,41.3,0,2,2,0,fog,0,0,1,17.2
j006,2026-08-11 05:00:00,1,5,5,69.2,5.9,0,0,0,0,clear,0,0,2,0.0
j007,2026-08-11 05:00:00,1,5,12,63.4,14.1,0,0,0,0,clear,0,0,3,0.0
j008,2026-08-11 05:00:00,1,5,27,57.8,28.1,0,1,5,0,clear,0,0,1,8.0
j009,2026-08-11 05:00:00,1,5,32,57.9,32.1,0,1,3,1,clear,0,0,0,14.2
j010,2026-08-11 05:00:00,1,5,48,56.8,38.9,0,3,1,0,rain,0,0,0,19.1
j011,2026-08-11 05:00:00,1,5,9,76.4,8.0,0,1,3,0,fog,0,0,1,2.0
j012,2026-08-11 05:00:00,1,5,20,68.4,23.3,0,0,1,0,clear,0,0,3,1.3
j013,2026-08-11 05:00:00,1,5,30,61.9,27.6,0,1,1,0,clear,0,0,1,0.0
j014,2026-08-11 05:00:00,1,5,34,53.9,27.5,0,3,3,0,clear,0,1,1,16.6
j015,2026-08-11 05:00:00,1,5,49,45.8,43.8,0,0,2,0,clear,0,0,1,20.3
j016,2026-08-11 05:00:00,1,5,9,72.1,9.1,0,0,0,0,clear,0,0,0,7.4
j017,2026-08-11 05:00:00,1,5,20,74.8,17.0,0,1,0,0,clear,0,0,1,1.0
j018,2026-08-11 05:00:00,1,5,22,61.0,22.1,0,1,3,0,clear,0,0,2,0.0
j001,2026-08-11 06:00:00,1,6,28,62.9,24.5,0,0,4,0,clear,0,0,2,0.7
j002,2026-08-11 06:00:00,1,6,45,53.1,39.0,0,1,5,0,clear,0,0,0,12.4
j003,2026-08-11 06:00:00,1,6,61,45.2,64.2,0,3,4,0,clear,0,0,1,16.4
j004,2026-08-11 06:00:00,1,6,68,40.1,61.7,0,3,5,0,clear,0,0,1,17.3
j005,2026-08-11 06:00:00,1,6,64,28.3,69.6,0,1,10,0,clear,0,0,0,24.8
j006,2026-08-11 06:00:00,1,6,40,45.0,47.7,0,3,4,0,clear,0,0,1,18.3
j007,2026-08-11 06:00:00,1,6,53,44.2,62.3,0,3,5,0,clear,0,0,0,10.7
j008,2026-08-11 06:00:00,1,6,58,41.4,50.3,0,2,4,0,rain,0,0,2,19.7
j009,2026-08-11 06:00:00,1,6,57,45.6,56.3,0,3,2,0,clear,0,0,1,7.1
j010,2026-08-11 06:00:00,1,6,60,35.8,61.3,0,1,2,0,clear,0,0,0,16.3
j011,2026-08-11 06:00:00,1,6,35,69.6,29.8,0,0,3,0,clear,0,0,0,12.4
j012,2026-08-11 06:00:00,1,6,31,60.6,29.7,0,0,3,0,clear,0,0,0,15.8
j013,2026-08-11 06:00:00,1,6,43,48.1,44.0,0,3,3,0,clear,0,0,0,8.6
j014,2026-08-11 06:00:00,1,6,73,25.6,69.7,0,4,3,0,clear,0,0,0,21.4
j015,2026-08-11 06:00:00,1,6,69,29.0,67.9,0,5,7,0,clear,0,0,0,18.6
j016,2026-08-11 06:00:00,1,6,46,46.4,54.4,0,1,4,0,clear,0,0,1,18.3
j017,2026-08-11 06:00:00,1,6,55,32.8,55.6,0,0,1,0,clear,0,0,1,15.3
j018,2026-08-11 06:00:00,1,6,63,38.0,56.8,0,4,4,0,clear,0,0,2,16.0
j001,2026-08-11 07:00:00,1,7,47,36.6,51.9,0,0,2,0,clear,0,0,2,17.9
j002,2026-08-11 07:00:00,1,7,51,52.5,45.1,0,2,2,0,clear,1,0,3,0.0
j003,2026-08-11 07:00:00,1,7,54,38.4,51.7,0,2,4,0,clear,0,1,1,14.9
j004,2026-08-11 07:00:00,1,7,61,44.9,50.6,0,4,3,0,clear,0,0,2,12.1
j005,2026-08-11 07:00:00,1,7,88,13.7,100.0,0,8,3,0,clear,0,0,1,31.6
j006,2026-08-11 07:00:00,1,7,35,58.8,33.2,0,2,4,0,rain,0,0,4,4.9
j007,2026-08-11 07:00:00,1,7,34,56.1,35.4,0,4,3,0,clear,0,0,1,4.3
j008,2026-08-11 07:00:00,1,7,46,56.3,37.1,0,1,3,0,clear,0,0,1,10.6
j009,2026-08-11 07:00:00,1,7,71,37.8,57.9,0,2,2,0,clear,0,0,1,12.1
j010,2026-08-11 07:00:00,1,7,73,24.2,74.1,0,4,2,0,clear,0,0,2,18.5
j011,2026-08-11 07:00:00,1,7,47,46.0,51.3,0,0,4,0,clear,0,0,1,12.6
j012,2026-08-11 07:00:00,1,7,37,56.6,30.8,0,2,3,0,clear,0,0,3,4.1
j013,2026-08-11 07:00:00,1,7,67,21.7,70.5,0,4,1,0,clear,0,0,3,17.6
j014,2026-08-11 07:00:00,1,7,74,18.3,79.0,0,6,2,0,clear,0,0,3,19.8
j015,2026-08-11 07:00:00,1,7,78,30.6,74.0,0,6,3,0,clear,0,0,0,31.9
j016,2026-08-11 07:00:00,1,7,46,52.2,40.2,0,0,3,0,clear,0,0,0,14.8
j017,2026-08-11 07:00:00,1,7,45,47.4,46.6,0,3,4,0,clear,0,0,1,10.2
j018,2026-08-11 07:00:00,1,7,52,41.0,55.0,0,6,3,0,clear,0,0,1,23.3
j001,2026-08-11 08:00:00,1,8,72,29.0,81.9,0,1,6,0,clear,0,0,0,17.3
j002,2026-08-11 08:00:00,1,8,83,13.3,100.0,0,5,6,0,clear,0,0,1,41.0
j003,2026-08-11 08:00:00,1,8,95,18.3,99.0,0,3,6,0,rain,0,0,1,38.7
j004,2026-08-11 08:00:00,1,8,100,11.2,100.0,0,6,10,0,rain,0,0,2,29.5
j005,2026-08-11 08:00:00,1,8,100,14.9,100.0,0,5,9,0,rain,0,0,1,37.0
j006,2026-08-11 08:00:00,1,8,76,18.8,86.5,0,3,3,0,clear,0,0,0,32.0
j007,2026-08-11 08:00:00,1,8,78,15.2,91.9,0,5,5,0,clear,0,0,0,20.2
j008,2026-08-11 08:00:00,1,8,85,12.1,100.0,0,1,7,0,clear,0,0,1,26.3
j009,2026-08-11 08:00:00,1,8,100,9.5,100.0,0,9,6,0,clear,0,0,2,28.4
j010,2026-08-11 08:00:00,1,8,100,8.3,100.0,0,6,8,0,clear,0,0,1,37.5
j011,2026-08-11 08:00:00,1,8,71,9.5,97.1,0,3,6,0,clear,0,0,1,32.0
j012,2026-08-11 08:00:00,1,8,85,5.0,100.0,0,4,7,0,clear,0,0,2,23.6
j013,2026-08-11 08:00:00,1,8,80,9.9,100.0,0,4,4,0,rain,0,0,1,31.8
j014,2026-08-11 08:00:00,1,8,97,5.0,100.0,0,4,5,0,clear,0,0,0,39.5
j015,2026-08-11 08:00:00,1,8,100,10.2,100.0,0,5,7,0,clear,0,0,2,28.8
j016,2026-08-11 08:00:00,1,8,62,28.6,76.6,0,2,3,0,clear,0,0,0,18.6
j017,2026-08-11 08:00:00,1,8,78,5.0,100.0,0,2,1,0,clear,0,0,1,27.4
j018,2026-08-11 08:00:00,1,8,95,15.9,95.2,0,4,4,0,clear,0,0,1,30.2
j001,2026-08-11 09:00:00,1,9,67,19.2,84.8,0,3,6,0,clear,0,0,3,23.7
j002,2026-08-11 09:00:00,1,9,84,19.7,97.0,0,7,8,0,clear,0,0,2,26.7
j003,2026-08-11 09:00:00,1,9,81,30.0,86.2,0,7,9,0,clear,0,0,0,28.6
j004,2026-08-11 09:00:00,1,9,99,7.5,100.0,0,6,7,0,fog,0,0,2,34.3
j005,2026-08-11 09:00:00,1,9,100,8.7,100.0,0,6,4,0,clear,0,0,0,32.5
j006,2026-08-11 09:00:00,1,9,68,15.9,88.2,1,2,5,0,rain,0,0,0,29.9
j007,2026-08-11 09:00:00,1,9,88,19.3,100.0,1,5,2,0,clear,0,0,2,27.1
j008,2026-08-11 09:00:00,1,9,84,10.3,100.0,0,4,5,0,clear,0,0,1,37.7
j009,2026-08-11 09:00:00,1,9,96,5.0,100.0,0,1,10,0,clear,0,0,0,30.6
j010,2026-08-11 09:00:00,1,9,100,10.5,100.0,0,3,7,0,clear,0,0,2,25.5
j011,2026-08-11 09:00:00,1,9,67,17.1,88.3,0,2,5,0,rain,0,0,0,21.9
j012,2026-08-11 09:00:00,1,9,72,9.1,100.0,0,2,2,0,clear,0,0,2,21.5
j013,2026-08-11 09:00:00,1,9,90,15.2,100.0,0,5,9,0,clear,0,0,2,32.5
j014,2026-08-11 09:00:00,1,9,98,16.0,100.0,0,1,3,0,clear,0,0,0,29.1
j015,2026-08-11 09:00:00,1,9,100,10.3,100.0,0,6,6,0,clear,0,0,2,26.8
j016,2026-08-11 09:00:00,1,9,76,11.7,88.1,0,2,6,0,clear,0,0,0,25.5
j017,2026-08-11 09:00:00,1,9,87,14.3,98.2,0,6,5,0,clear,0,0,0,30.6
j018,2026-08-11 09:00:00,1,9,81,11.7,100.0,0,8,3,0,clear,0,0,2,31.6
j001,2026-08-11 10:00:00,1,10,39,61.5,40.2,0,0,4,0,clear,0,0,0,8.0
j002,2026-08-11 10:00:00,1,10,52,42.1,55.5,0,4,5,0,clear,0,0,2,18.7
j003,2026-08-11 10:00:00,1,10,52,49.2,47.6,0,0,5,0,clear,0,0,0,14.3
j004,2026-08-11 10:00:00,1,10,66,23.8,76.2,1,5,4,0,rain,0,0,0,40.3
j005,2026-08-11 10:00:00,1,10,82,22.7,89.4,0,2,4,0,clear,1,0,2,30.5
j006,2026-08-11 10:00:00,1,10,20,70.1,18.0,0,1,0,0,clear,0,0,2,0.0
j007,2026-08-11 10:00:00,1,10,53,35.9,56.5,0,4,5,0,clear,0,0,2,14.8
j008,2026-08-11 10:00:00,1,10,69,26.0,82.2,0,0,4,0,clear,0,0,1,18.3
j009,2026-08-11 10:00:00,1,10,71,31.7,64.7,0,2,2,0,clear,0,0,1,12.1
j010,2026-08-11 10:00:00,1,10,69,27.3,81.5,1,3,4,0,clear,0,0,1,27.4
j011,2026-08-11 10:00:00,1,10,28,49.6,29.8,0,3,0,0,clear,0,0,0,16.8
j012,2026-08-11 10:00:00,1,10,35,53.7,40.2,0,1,4,0,clear,0,0,0,12.6
j013,2026-08-11 10:00:00,1,10,54,44.5,48.1,0,4,5,0,clear,0,0,0,21.3
j014,2026-08-11 10:00:00,1,10,61,37.2,62.1,0,4,4,1,clear,0,0,3,19.4
j015,2026-08-11 10:00:00,1,10,70,25.9,67.3,0,1,2,0,clear,0,0,1,17.7
j016,2026-08-11 10:00:00,1,10,28,60.1,26.9,0,0,3,0,clear,0,0,1,7.0
j017,2026-08-11 10:00:00,1,10,43,53.3,47.2,0,3,2,0,clear,0,0,1,15.5
j018,2026-08-11 10:00:00,1,10,69,29.2,63.4,0,4,8,0,clear,0,0,1,19.7
j001,2026-08-11 11:00:00,1,11,23,67.3,21.3,0,0,0,0,clear,0,0,1,0.7
j002,2026-08-11 11:00:00,1,11,50,44.4,49.5,0,1,2,0,clear,0,1,0,19.8
j003,2026-08-11 11:00:00,1,11,57,25.9,64.7,0,3,0,0,clear,0,0,0,26.1
j004,2026-08-11 11:00:00,1,11,73,25.2,87.2,0,3,7,0,clear,0,0,1,31.4
j005,2026-08-11 11:00:00,1,11,64,46.3,55.3,0,3,0,0,clear,0,0,1,7.2
j006,2026-08-11 11:00:00,1,11,22,64.3,22.2,0,0,2,0,clear,0,0,1,9.6
j007,2026-08-11 11:00:00,1,11,57,38.3,47.5,0,2,6,0,rain,0,0,0,24.2
j008,2026-08-11 11:00:00,1,11,45,57.0,37.5,0,1,4,1,clear,0,0,1,17.8
j009,2026-08-11 11:00:00,1,11,59,36.3,55.8,0,2,5,0,fog,0,0,0,25.1
j010,2026-08-11 11:00:00,1,11,63,30.9,65.5,0,4,6,0,clear,0,0,1,26.1
j011,2026-08-11 11:00:00,1,11,23,59.4,24.6,0,1,4,0,clear,0,0,2,0.0
j012,2026-08-11 11:00:00,1,11,30,51.2,35.8,0,2,2,0,clear,0,0,1,7.3
j013,2026-08-11 11:00:00,1,11,48,40.1,56.0,0,3,5,0,clear,0,0,1,17.6
j014,2026-08-11 11:00:00,1,11,76,28.2,62.3,0,4,6,0,clear,0,0,4,4.0
j015,2026-08-11 11:00:00,1,11,88,17.6,91.0,0,4,5,0,clear,0,1,2,19.7
j016,2026-08-11 11:00:00,1,11,24,75.4,20.6,0,1,1,1,rain,0,0,2,5.7
j017,2026-08-11 11:00:00,1,11,47,46.6,43.3,0,1,3,0,clear,0,0,2,5.6
j018,2026-08-11 11:00:00,1,11,43,40.8,38.3,0,3,1,0,clear,0,0,2,1.3
j001,2026-08-11 12:00:00,1,12,37,41.1,39.6,0,0,3,0,clear,1,0,2,16.1
j002,2026-08-11 12:00:00,1,12,31,52.6,34.8,0,0,6,0,clear,0,0,2,1.2
j003,2026-08-11 12:00:00,1,12,58,33.9,55.8,0,3,6,0,clear,0,0,0,16.3
j004,2026-08-11 12:00:00,1,12,58,42.1,50.9,0,3,1,0,clear,0,0,0,16.4
j005,2026-08-11 12:00:00,1,12,64,28.4,71.7,0,3,7,0,clear,0,0,1,12.3
j006,2026-08-11 12:00:00,1,12,36,53.7,37.2,0,2,2,0,rain,0,0,0,17.4
j007,2026-08-11 12:00:00,1,12,34,62.1,30.0,0,1,0,0,clear,0,0,1,7.0
j008,2026-08-11 12:00:00,1,12,42,56.8,41.5,0,4,0,0,clear,0,0,0,11.3
j009,2026-08-11 12:00:00,1,12,69,32.1,71.1,0,3,3,0,clear,0,0,0,25.3
j010,2026-08-11 12:00:00,1,12,64,44.5,56.7,0,6,3,0,clear,0,0,0,23.7
j011,2026-08-11 12:00:00,1,12,22,62.5,25.0,0,1,4,0,clear,0,0,1,10.7
j012,2026-08-11 12:00:00,1,12,54,55.0,44.3,0,5,4,0,clear,0,0,2,7.6
j013,2026-08-11 12:00:00,1,12,48,48.2,43.2,0,1,1,0,clear,0,0,0,7.1
j014,2026-08-11 12:00:00,1,12,77,28.3,71.7,0,2,3,0,clear,0,0,4,7.9
j015,2026-08-11 12:00:00,1,12,61,47.8,54.1,0,5,0,0,clear,0,0,1,3.9
j016,2026-08-11 12:00:00,1,12,27,57.0,29.7,0,0,1,0,clear,0,0,0,2.5
j017,2026-08-11 12:00:00,1,12,37,50.9,35.0,0,1,2,0,clear,0,0,1,13.1
j018,2026-08-11 12:00:00,1,12,68,33.4,65.8,0,2,4,0,clear,0,0,3,19.6
j001,2026-08-11 13:00:00,1,13,30,53.3,28.6,0,3,2,0,clear,0,0,1,4.4
j002,2026-08-11 13:00:00,1,13,32,63.5,26.9,0,1,2,0,clear,0,0,0,0.0
j003,2026-08-11 13:00:00,1,13,52,44.0,43.2,0,3,5,0,clear,0,0,2,19.9
j004,2026-08-11 13:00:00,1,13,66,27.8,66.7,0,3,6,0,clear,0,0,1,16.8
j005,2026-08-11 13:00:00,1,13,71,34.2,71.8,0,6,3,0,clear,0,0,1,22.0
j006,2026-08-11 13:00:00,1,13,39,60.0,38.9,0,5,4,0,rain,0,0,2,24.5
j007,2026-08-11 13:00:00,1,13,48,51.1,38.6,0,3,2,0,clear,0,0,2,3.3
j008,2026-08-11 13:00:00,1,13,51,39.6,47.1,0,1,6,0,fog,1,0,1,24.3
j009,2026-08-11 13:00:00,1,13,63,49.7,53.8,0,4,4,0,rain,0,0,2,27.9
j010,2026-08-11 13:00:00,1,13,82,12.3,96.6,0,3,7,0,clear,1,0,0,35.1
j011,2026-08-11 13:00:00,1,13,34,57.5,30.1,0,3,2,0,clear,0,0,1,13.8
j012,2026-08-11 13:00:00,1,13,55,42.1,48.1,0,1,1,0,clear,0,0,1,5.1
j013,2026-08-11 13:00:00,1,13,69,34.6,78.4,0,7,2,0,clear,0,0,0,21.4
j014,2026-08-11 13:00:00,1,13,58,49.7,54.8,0,4,8,0,clear,0,1,0,34.5
j015,2026-08-11 13:00:00,1,13,88,5.0,97.1,0,7,7,0,rain,0,0,0,42.5
j016,2026-08-11 13:00:00,1,13,20,55.3,20.7,0,1,1,0,clear,0,0,0,7.9
j017,2026-08-11 13:00:00,1,13,47,54.2,45.0,0,3,3,0,fog,0,0,1,7.9
j018,2026-08-11 13:00:00,1,13,62,30.7,66.3,0,2,5,0,clear,0,0,0,12.6
j001,2026-08-11 14:00:00,1,14,29,45.7,31.2,0,1,3,0,clear,0,0,0,16.6
j002,2026-08-11 14:00:00,1,14,58,41.4,54.2,0,3,2,0,fog,0,0,0,18.6
j003,2026-08-11 14:00:00,1,14,68,38.6,68.2,0,6,2,0,clear,0,0,0,24.0
j004,2026-08-11 14:00:00,1,14,77,34.4,69.0,0,4,4,0,rain,0,1,0,24.6
j005,2026-08-11 14:00:00,1,14,61,27.6,66.5,0,4,3,0,clear,0,0,0,27.9
j006,2026-08-11 14:00:00,1,14,27,58.5,23.6,0,0,3,0,clear,0,0,2,0.0
j007,2026-08-11 14:00:00,1,14,59,26.2,67.4,0,4,3,0,clear,0,0,0,24.9
j008,2026-08-11 14:00:00,1,14,60,43.6,61.7,0,2,2,0,clear,0,0,0,23.9
j009,2026-08-11 14:00:00,1,14,75,35.4,63.1,0,5,2,0,fog,0,0,2,12.8
j010,2026-08-11 14:00:00,1,14,85,5.0,99.9,0,5,7,0,clear,0,0,1,26.3
j011,2026-08-11 14:00:00,1,14,32,51.5,30.2,0,0,4,0,clear,0,0,4,0.0
j012,2026-08-11 14:00:00,1,14,47,45.0,50.0,0,5,6,0,clear,0,0,1,13.1
j013,2026-08-11 14:00:00,1,14,51,50.6,47.8,0,2,0,0,rain,0,0,4,8.1
j014,2026-08-11 14:00:00,1,14,51,43.5,46.4,0,1,4,0,clear,0,0,0,22.5
j015,2026-08-11 14:00:00,1,14,89,26.2,86.7,0,6,6,0,fog,0,0,0,31.8
j016,2026-08-11 14:00:00,1,14,33,52.8,30.6,0,0,2,1,clear,0,0,2,2.0
j017,2026-08-11 14:00:00,1,14,43,48.2,46.3,1,2,2,0,clear,0,0,0,18.5
j018,2026-08-11 14:00:00,1,14,60,25.7,70.3,0,0,7,0,clear,0,0,0,26.3
j001,2026-08-11 15:00:00,1,15,27,53.5,31.6,0,0,1,0,rain,0,0,1,6.0
j002,2026-08-11 15:00:00,1,15,42,50.0,40.7,0,1,1,0,clear,0,0,0,16.6
j003,2026-08-11 15:00:00,1,15,40,46.5,45.7,0,3,2,0,clear,0,0,1,8.3
j004,2026-08-11 15:00:00,1,15,56,29.9,66.2,0,3,5,0,rain,0,0,1,20.0
j005,2026-08-11 15:00:00,1,15,79,11.0,93.0,0,6,5,0,clear,0,0,2,21.3
j006,2026-08-11 15:00:00,1,15,46,34.6,55.0,0,2,4,0,clear,0,0,3,5.5
j007,2026-08-11 15:00:00,1,15,45,56.9,44.1,0,4,5,0,clear,0,0,0,22.0
j008,2026-08-11 15:00:00,1,15,68,38.9,64.8,0,1,4,0,clear,0,0,3,8.4
j009,2026-08-11 15:00:00,1,15,77,8.2,89.0,0,7,4,0,clear,0,0,0,27.7
j010,2026-08-11 15:00:00,1,15,79,33.1,65.5,0,6,4,0,rain,0,0,0,33.9
j011,2026-08-11 15:00:00,1,15,40,52.5,35.5,0,1,4,0,clear,0,0,0,14.9
j012,2026-08-11 15:00:00,1,15,34,55.4,36.4,0,2,4,0,fog,0,0,2,15.0
j013,2026-08-11 15:00:00,1,15,60,41.1,49.3,0,5,7,0,clear,0,0,1,17.6
j014,2026-08-11 15:00:00,1,15,50,42.8,55.1,0,5,1,0,rain,0,0,1,15.5
j015,2026-08-11 15:00:00,1,15,75,33.2,60.3,0,3,2,0,clear,0,0,1,13.0
j016,2026-08-11 15:00:00,1,15,41,60.7,47.4,0,1,2,0,fog,0,0,0,22.9
j017,2026-08-11 15:00:00,1,15,36,56.5,30.7,0,0,1,1,clear,0,0,2,13.6
j018,2026-08-11 15:00:00,1,15,50,37.4,55.1,0,0,2,0,clear,0,0,0,9.2
j001,2026-08-11 16:00:00,1,16,39,59.1,39.3,0,3,3,0,clear,0,0,0,8.2
j002,2026-08-11 16:00:00,1,16,45,36.5,52.1,0,1,6,0,clear,0,0,0,13.8
j003,2026-08-11 16:00:00,1,16,56,45.1,55.4,0,3,2,0,clear,0,0,1,17.5
j004,2026-08-11 16:00:00,1,16,65,34.4,57.5,0,5,4,0,clear,0,0,1,23.4
j005,2026-08-11 16:00:00,1,16,60,32.3,66.9,0,4,11,0,clear,1,0,0,28.3
j006,2026-08-11 16:00:00,1,16,43,55.6,36.2,0,2,2,0,clear,0,0,0,18.0
j007,2026-08-11 16:00:00,1,16,47,54.4,47.0,0,0,6,1,rain,0,0,0,19.8
j008,2026-08-11 16:00:00,1,16,48,48.3,49.4,0,2,4,0,clear,0,0,0,17.0
j009,2026-08-11 16:00:00,1,16,79,37.7,70.9,0,3,2,0,clear,0,0,1,20.4
j010,2026-08-11 16:00:00,1,16,67,40.3,60.7,0,0,5,0,clear,0,0,0,8.7
j011,2026-08-11 16:00:00,1,16,30,57.5,27.9,0,0,2,0,clear,0,0,1,8.4
j012,2026-08-11 16:00:00,1,16,53,52.4,45.5,0,1,0,0,clear,0,0,1,4.4
j013,2026-08-11 16:00:00,1,16,52,40.0,61.9,0,2,5,0,clear,0,0,0,21.9
j014,2026-08-11 16:00:00,1,16,68,27.3,74.8,0,1,5,0,clear,0,0,0,18.9
j015,2026-08-11 16:00:00,1,16,76,22.3,75.0,0,3,7,0,clear,0,0,0,31.2
j016,2026-08-11 16:00:00,1,16,23,66.6,21.3,0,2,2,0,rain,1,0,0,19.8
j017,2026-08-11 16:00:00,1,16,53,37.0,58.8,0,1,3,0,clear,0,0,0,21.3
j018,2026-08-11 16:00:00,1,16,56,48.3,45.2,0,2,3,0,clear,0,0,0,9.4
j001,2026-08-11 17:00:00,1,17,77,19.0,98.7,0,4,12,0,clear,0,0,0,31.8
j002,2026-08-11 17:00:00,1,17,78,10.4,100.0,0,5,4,0,clear,0,0,3,13.6
j003,2026-08-11 17:00:00,1,17,81,18.8,100.0,0,4,11,0,clear,0,0,3,28.0
j004,2026-08-11 17:00:00,1,17,98,5.0,100.0,0,4,10,0,clear,0,1,0,37.4
j005,2026-08-11 17:00:00,1,17,100,20.9,91.9,0,6,6,0,clear,0,0,2,23.5
j006,2026-08-11 17:00:00,1,17,63,37.5,68.1,0,1,4,0,clear,0,0,1,21.2
j007,2026-08-11 17:00:00,1,17,88,7.6,100.0,0,1,6,0,clear,0,0,1,33.7
j008,2026-08-11 17:00:00,1,17,86,15.0,100.0,0,2,6,0,rain,0,0,1,28.0
j009,2026-08-11 17:00:00,1,17,97,18.8,100.0,0,7,7,0,clear,0,0,2,18.8
j010,2026-08-11 17:00:00,1,17,100,5.0,100.0,0,9,7,0,clear,0,0,2,25.9
j011,2026-08-11 17:00:00,1,17,77,13.0,100.0,0,3,7,0,clear,0,0,2,24.5
j012,2026-08-11 17:00:00,1,17,83,5.6,97.3,0,7,1,0,clear,0,0,3,17.8
j013,2026-08-11 17:00:00,1,17,94,15.0,100.0,0,3,9,0,clear,0,0,1,28.6
j014,2026-08-11 17:00:00,1,17,98,5.0,100.0,0,6,8,0,clear,0,0,3,27.7
j015,2026-08-11 17:00:00,1,17,100,16.8,100.0,0,4,3,0,clear,0,0,1,24.1
j016,2026-08-11 17:00:00,1,17,65,36.3,67.3,0,3,2,0,rain,1,0,1,28.2
j017,2026-08-11 17:00:00,1,17,75,6.0,100.0,0,5,9,0,clear,0,0,1,39.4
j018,2026-08-11 17:00:00,1,17,91,11.1,95.5,0,2,9,0,rain,0,0,1,37.4
j001,2026-08-11 18:00:00,1,18,74,6.8,100.0,0,2,7,0,clear,0,0,2,30.6
j002,2026-08-11 18:00:00,1,18,79,8.8,100.0,0,7,6,0,clear,0,0,3,24.7
j003,2026-08-11 18:00:00,1,18,90,25.5,93.9,1,5,5,0,clear,0,0,0,38.5
j004,2026-08-11 18:00:00,1,18,94,9.2,100.0,0,11,6,0,clear,0,0,2,26.7
j005,2026-08-11 18:00:00,1,18,100,14.3,98.6,0,11,9,0,fog,0,0,0,44.2
j006,2026-08-11 18:00:00,1,18,78,5.0,100.0,0,3,2,1,rain,0,0,1,34.4
j007,2026-08-11 18:00:00,1,18,81,5.0,100.0,0,8,6,0,clear,0,0,2,27.6
j008,2026-08-11 18:00:00,1,18,98,10.0,100.0,0,4,6,0,clear,0,0,2,30.9
j009,2026-08-11 18:00:00,1,18,97,8.9,100.0,0,3,6,0,clear,0,0,0,31.0
j010,2026-08-11 18:00:00,1,18,100,6.6,100.0,0,2,6,0,clear,0,0,1,26.7
j011,2026-08-11 18:00:00,1,18,71,6.5,100.0,0,1,8,0,clear,0,0,0,31.7
j012,2026-08-11 18:00:00,1,18,70,9.6,100.0,0,2,11,0,clear,0,0,3,21.8
j013,2026-08-11 18:00:00,1,18,94,18.4,100.0,0,7,11,0,clear,0,0,0,48.6
j014,2026-08-11 18:00:00,1,18,100,11.4,100.0,0,4,9,0,clear,0,0,2,28.5
j015,2026-08-11 18:00:00,1,18,100,7.2,100.0,0,2,6,0,rain,0,0,0,23.9
j016,2026-08-11 18:00:00,1,18,62,20.9,82.1,0,1,2,0,clear,0,0,1,19.4
j017,2026-08-11 18:00:00,1,18,85,7.8,99.0,0,3,3,0,clear,0,0,1,26.1
j018,2026-08-11 18:00:00,1,18,94,19.6,100.0,0,2,6,0,clear,0,1,2,32.8
j001,2026-08-11 19:00:00,1,19,64,22.5,92.1,0,3,7,0,clear,1,0,2,38.7
j002,2026-08-11 19:00:00,1,19,71,18.0,84.1,0,8,6,0,clear,0,0,0,39.3
j003,2026-08-11 19:00:00,1,19,83,17.0,100.0,0,4,5,0,clear,0,0,0,30.9
j004,2026-08-11 19:00:00,1,19,100,11.0,100.0,0,6,5,0,clear,0,0,1,22.8
j005,2026-08-11 19:00:00,1,19,100,9.8,100.0,1,3,15,0,fog,0,0,1,46.6
j006,2026-08-11 19:00:00,1,19,72,12.5,100.0,0,6,3,0,clear,0,0,1,25.9
j007,2026-08-11 19:00:00,1,19,78,18.4,100.0,0,8,9,0,clear,0,0,3,16.3
j008,2026-08-11 19:00:00,1,19,95,5.2,100.0,0,2,6,0,clear,0,0,3,16.4
j009,2026-08-11 19:00:00,1,19,95,5.0,100.0,0,2,3,0,clear,0,0,1,21.0
j010,2026-08-11 19:00:00,1,19,100,9.2,100.0,0,2,2,0,clear,1,0,1,33.3
j011,2026-08-11 19:00:00,1,19,75,9.4,92.4,0,9,4,0,clear,0,0,1,37.8
j012,2026-08-11 19:00:00,1,19,72,25.5,82.0,0,4,2,0,clear,0,0,0,30.5
j013,2026-08-11 19:00:00,1,19,85,5.6,100.0,0,1,5,0,clear,0,0,1,25.5
j014,2026-08-11 19:00:00,1,19,95,9.7,100.0,1,1,7,0,clear,0,0,1,31.7
j015,2026-08-11 19:00:00,1,19,100,6.1,100.0,0,6,3,0,clear,0,0,0,32.1
j016,2026-08-11 19:00:00,1,19,79,9.5,98.1,0,4,11,0,clear,0,0,3,32.2
j017,2026-08-11 19:00:00,1,19,72,16.9,82.4,0,3,5,0,clear,0,0,0,26.7
j018,2026-08-11 19:00:00,1,19,82,6.6,95.8,0,3,8,0,clear,0,0,0,35.1
j001,2026-08-11 20:00:00,1,20,48,53.1,52.5,0,1,1,0,rain,0,0,3,7.1
j002,2026-08-11 20:00:00,1,20,33,60.8,27.9,0,2,1,0,clear,0,0,3,0.0
j003,2026-08-11 20:00:00,1,20,63,34.0,68.2,0,8,7,0,clear,0,0,1,20.2
j004,2026-08-11 20:00:00,1,20,68,27.2,72.8,0,3,7,0,clear,0,0,0,24.8
j005,2026-08-11 20:00:00,1,20,77,29.9,67.8,0,6,7,1,clear,0,1,0,38.8
j006,2026-08-11 20:00:00,1,20,46,58.1,36.9,0,2,3,0,clear,0,0,2,10.6
j007,2026-08-11 20:00:00,1,20,56,41.3,60.4,0,2,2,0,clear,0,0,1,14.6
j008,2026-08-11 20:00:00,1,20,49,39.0,53.7,0,0,2,0,clear,0,0,2,8.0
j009,2026-08-11 20:00:00,1,20,74,23.5,77.0,0,4,5,0,clear,0,0,1,23.0
j010,2026-08-11 20:00:00,1,20,63,30.2,67.2,0,1,2,0,clear,0,0,0,17.2
j011,2026-08-11 20:00:00,1,20,42,46.1,46.6,0,3,3,0,clear,0,0,0,19.3
j012,2026-08-11 20:00:00,1,20,52,32.2,58.2,0,1,3,0,clear,0,0,1,13.3
j013,2026-08-11 20:00:00,1,20,51,35.1,60.4,0,5,4,0,rain,0,0,2,15.9
j014,2026-08-11 20:00:00,1,20,55,43.5,45.6,0,2,7,0,clear,0,0,0,22.9
j015,2026-08-11 20:00:00,1,20,85,6.1,86.9,0,2,7,0,fog,0,0,3,23.0
j016,2026-08-11 20:00:00,1,20,25,68.2,20.4,0,1,0,0,clear,0,0,0,16.4
j017,2026-08-11 20:00:00,1,20,56,43.7,51.2,0,1,5,0,clear,0,0,0,6.0
j018,2026-08-11 20:00:00,1,20,49,45.1,43.8,0,2,1,0,clear,0,0,1,6.5
j001,2026-08-11 21:00:00,1,21,32,59.4,31.3,0,0,1,0,clear,0,0,0,4.3
j002,2026-08-11 21:00:00,1,21,54,43.8,51.2,0,0,1,0,clear,0,0,1,9.3
j003,2026-08-11 21:00:00,1,21,52,44.7,43.9,0,0,2,0,clear,0,0,1,5.9
j004,2026-08-11 21:00:00,1,21,57,36.9,56.6,0,4,5,0,clear,0,0,2,14.8
j005,2026-08-11 21:00:00,1,21,76,25.4,80.8,0,7,2,0,clear,0,1,1,39.7
j006,2026-08-11 21:00:00,1,21,33,53.5,33.4,0,3,2,0,clear,0,0,0,9.0
j007,2026-08-11 21:00:00,1,21,35,52.3,34.9,0,4,2,0,clear,0,0,1,11.7
j008,2026-08-11 21:00:00,1,21,45,45.0,41.6,0,0,2,0,fog,0,0,1,14.8
j009,2026-08-11 21:00:00,1,21,50,39.3,55.2,0,1,1,0,clear,0,0,0,15.0
j010,2026-08-11 21:00:00,1,21,87,27.1,77.1,0,6,4,0,clear,0,0,3,13.8
j011,2026-08-11 21:00:00,1,21,46,29.3,54.8,0,2,1,0,clear,0,0,0,15.2
j012,2026-08-11 21:00:00,1,21,37,48.6,40.0,0,2,4,0,rain,0,0,1,16.6
j013,2026-08-11 21:00:00,1,21,40,55.4,46.5,0,1,2,0,rain,0,0,0,16.8
j014,2026-08-11 21:00:00,1,21,52,32.0,61.7,0,5,4,0,clear,0,0,1,18.6
j015,2026-08-11 21:00:00,1,21,69,19.2,77.9,0,4,8,0,rain,0,0,0,36.0
j016,2026-08-11 21:00:00,1,21,29,62.4,31.0,0,4,0,0,clear,0,0,0,20.7
j017,2026-08-11 21:00:00,1,21,51,45.5,52.2,0,2,3,0,clear,0,0,3,1.7
j018,2026-08-11 21:00:00,1,21,64,30.0,64.4,0,3,4,0,clear,0,0,1,22.9
j001,2026-08-11 22:00:00,1,22,47,56.2,44.9,0,1,3,0,clear,0,0,1,7.8
j002,2026-08-11 22:00:00,1,22,50,51.6,41.3,0,4,7,0,clear,0,0,1,15.6
j003,2026-08-11 22:00:00,1,22,41,56.8,36.0,0,1,4,0,clear,0,0,0,14.2
j004,2026-08-11 22:00:00,1,22,65,38.1,69.7,0,4,2,0,clear,0,0,1,17.4
j005,2026-08-11 22:00:00,1,22,65,46.6,57.1,0,5,0,0,clear,0,0,1,18.7
j006,2026-08-11 22:00:00,1,22,39,56.0,34.0,0,3,2,0,clear,0,0,0,10.9
j007,2026-08-11 22:00:00,1,22,47,61.5,37.9,0,1,3,0,clear,0,0,2,0.5
j008,2026-08-11 22:00:00,1,22,64,36.3,62.9,0,3,4,0,fog,0,0,1,17.1
j009,2026-08-11 22:00:00,1,22,63,23.3,70.5,0,2,9,0,clear,0,0,0,14.0
j010,2026-08-11 22:00:00,1,22,77,33.8,64.0,0,7,5,0,rain,0,0,0,31.8
j011,2026-08-11 22:00:00,1,22,47,41.5,53.7,0,1,5,0,clear,0,0,1,18.7
j012,2026-08-11 22:00:00,1,22,40,51.7,46.0,0,2,2,0,clear,0,0,1,24.1
j013,2026-08-11 22:00:00,1,22,45,44.4,36.7,0,4,1,0,clear,0,0,0,7.1
j014,2026-08-11 22:00:00,1,22,63,33.6,62.8,0,1,5,0,clear,0,0,1,5.6
j015,2026-08-11 22:00:00,1,22,65,23.8,76.0,0,6,5,0,clear,0,0,2,22.5
j016,2026-08-11 22:00:00,1,22,26,66.0,23.3,0,1,1,0,clear,0,0,0,0.0
j017,2026-08-11 22:00:00,1,22,53,44.7,53.7,0,8,4,1,rain,0,0,2,28.8
j018,2026-08-11 22:00:00,1,22,45,46.8,46.9,0,7,4,0,clear,0,0,0,15.1
j001,2026-08-11 23:00:00,1,23,5,65.7,5.2,0,0,0,0,clear,0,0,0,2.9
j002,2026-08-11 23:00:00,1,23,17,65.7,15.3,0,0,1,0,rain,0,0,0,13.6
j003,2026-08-11 23:00:00,1,23,21,69.4,17.6,0,0,1,0,clear,0,0,3,0.0
j004,2026-08-11 23:00:00,1,23,36,57.6,32.4,0,1,3,0,clear,0,0,1,21.9
j005,2026-08-11 23:00:00,1,23,49,35.7,56.9,0,4,2,0,rain,0,0,1,27.1
j006,2026-08-11 23:00:00,1,23,7,80.0,7.6,0,0,0,0,clear,0,0,1,0.0
j007,2026-08-11 23:00:00,1,23,12,74.3,9.9,0,0,3,0,clear,0,0,2,0.0
j008,2026-08-11 23:00:00,1,23,25,67.4,24.1,0,0,2,0,clear,0,0,1,6.7
j009,2026-08-11 23:00:00,1,23,35,52.0,40.0,0,4,4,0,clear,0,0,0,19.9
j010,2026-08-11 23:00:00,1,23,41,49.1,40.8,0,1,4,0,clear,0,0,1,7.5
j011,2026-08-11 23:00:00,1,23,7,73.7,7.6,0,0,0,0,clear,0,0,1,0.0
j012,2026-08-11 23:00:00,1,23,15,68.4,17.3,0,2,0,0,clear,0,0,2,2.5
j013,2026-08-11 23:00:00,1,23,27,67.5,26.9,0,0,5,0,clear,0,0,1,7.8
j014,2026-08-11 23:00:00,1,23,36,53.4,40.2,0,0,2,0,clear,0,0,1,9.0
j015,2026-08-11 23:00:00,1,23,48,44.1,49.8,0,8,2,0,fog,0,0,1,22.2
j016,2026-08-11 23:00:00,1,23,5,80.0,4.2,0,0,1,0,clear,0,0,0,0.3
j017,2026-08-11 23:00:00,1,23,19,62.8,19.2,0,0,0,0,clear,0,0,1,2.9
j018,2026-08-11 23:00:00,1,23,29,64.0,30.8,0,1,4,0,clear,0,0,1,5.1
j001,2026-08-12 00:00:00,2,0,8,76.0,6.6,0,0,0,0,clear,0,0,2,0.0
j002,2026-08-12 00:00:00,2,0,14,70.4,13.8,0,1,0,0,clear,0,0,1,6.0
j003,2026-08-12 00:00:00,2,0,22,69.0,19.8,0,1,1,0,clear,0,0,0,4.5
j004,2026-08-12 00:00:00,2,0,36,55.4,37.8,0,1,3,0,clear,0,0,0,13.6
j005,2026-08-12 00:00:00,2,0,49,35.3,52.6,0,3,3,0,clear,0,0,0,18.4
j006,2026-08-12 00:00:00,2,0,5,80.0,4.4,0,0,0,0,clear,0,0,0,3.5
j007,2026-08-12 00:00:00,2,0,20,68.6,19.0,0,1,3,0,rain,0,0,4,0.0
j008,2026-08-12 00:00:00,2,0,27,68.3,27.1,0,2,2,0,clear,0,0,1,12.2
j009,2026-08-12 00:00:00,2,0,33,46.9,33.2,0,2,2,0,clear,0,0,0,7.8
j010,2026-08-12 00:00:00,2,0,48,49.6,41.9,0,3,3,1,clear,0,0,0,14.9
j011,2026-08-12 00:00:00,2,0,5,80.0,5.6,0,0,1,0,clear,0,0,0,13.0
j012,2026-08-12 00:00:00,2,0,16,58.0,18.1,0,0,3,0,clear,0,0,0,8.4
j013,2026-08-12 00:00:00,2,0,26,56.3,27.9,0,0,4,0,clear,0,0,3,4.4
j014,2026-08-12 00:00:00,2,0,32,52.3,34.8,0,0,1,0,fog,0,0,1,9.0
j015,2026-08-12 00:00:00,2,0,47,44.6,48.2,0,1,2,0,clear,0,0,0,19.3
j016,2026-08-12 00:00:00,2,0,5,73.7,5.9,0,0,0,0,clear,0,0,1,0.0
j017,2026-08-12 00:00:00,2,0,15,67.2,12.6,0,0,0,0,clear,0,0,1,3.0
j018,2026-08-12 00:00:00,2,0,26,55.9,23.6,0,0,0,0,clear,0,0,3,0.0
j001,2026-08-12 01:00:00,2,1,5,76.3,4.0,0,0,0,0,clear,0,0,0,3.1
j002,2026-08-12 01:00:00,2,1,15,69.3,13.7,0,1,1,0,rain,0,0,1,8.3
j003,2026-08-12 01:00:00,2,1,24,60.7,26.4,0,0,1,0,clear,0,0,3,3.5
j004,2026-08-12 01:00:00,2,1,33,60.4,34.5,0,1,3,0,clear,0,0,1,12.3
j005,2026-08-12 01:00:00,2,1,46,46.5,45.8,0,0,3,0,clear,0,0,2,9.5
j006,2026-08-12 01:00:00,2,1,9,69.9,10.4,0,0,0,0,rain,0,0,0,3.3
j007,2026-08-12 01:00:00,2,1,14,68.9,11.9,0,0,1,0,clear,0,0,1,0.0
j008,2026-08-12 01:00:00,2,1,21,59.8,18.8,0,0,0,0,clear,0,0,1,0.9
j009,2026-08-12 01:00:00,2,1,31,64.1,28.5,0,3,3,0,clear,1,0,0,14.9
j010,2026-08-12 01:00:00,2,1,49,46.8,49.1,0,4,3,0,clear,1,0,2,23.1
j011,2026-08-12 01:00:00,2,1,6,80.0,6.4,0,0,1,0,clear,0,0,0,0.0
j012,2026-08-12 01:00:00,2,1,20,68.1,16.3,0,0,0,0,clear,0,0,0,12.5
j013,2026-08-12 01:00:00,2,1,21,70.3,19.5,0,2,2,0,clear,0,0,2,0.0
j014,2026-08-12 01:00:00,2,1,32,56.8,33.1,0,1,1,0,clear,0,0,2,0.8
j015,2026-08-12 01:00:00,2,1,42,48.1,38.5,0,1,1,0,rain,0,0,1,12.9
j016,2026-08-12 01:00:00,2,1,7,71.3,6.0,0,0,1,0,clear,0,0,1,4.9
j017,2026-08-12 01:00:00,2,1,15,64.0,14.4,0,1,1,0,clear,0,0,0,15.3
j018,2026-08-12 01:00:00,2,1,30,62.7,24.9,0,3,2,0,clear,0,0,1,5.7
j001,2026-08-12 02:00:00,2,2,6,73.2,4.8,0,0,0,0,clear,0,0,0,6.7
j002,2026-08-12 02:00:00,2,2,18,61.4,20.8,0,0,1,0,rain,0,1,1,15.2
j003,2026-08-12 02:00:00,2,2,28,63.1,26.7,0,5,3,0,clear,0,0,0,18.8
j004,2026-08-12 02:00:00,2,2,37,56.1,39.5,0,2,3,0,rain,0,0,1,15.7
j005,2026-08-12 02:00:00,2,2,50,42.0,52.9,0,2,3,0,clear,0,0,0,3.8
j006,2026-08-12 02:00:00,2,2,6,74.8,5.8,0,1,0,0,clear,0,0,1,0.0
j007,2026-08-12 02:00:00,2,2,13,73.9,13.2,0,0,1,0,clear,0,0,2,0.0
j008,2026-08-12 02:00:00,2,2,29,58.4,24.4,0,2,1,0,clear,0,0,1,11.1
j009,2026-08-12 02:00:00,2,2,36,47.9,40.9,0,0,1,0,clear,0,0,1,13.4
j010,2026-08-12 02:00:00,2,2,43,45.2,47.0,0,2,5,0,clear,0,0,1,13.6
j011,2026-08-12 02:00:00,2,2,5,77.0,5.2,0,0,0,0,rain,0,0,0,0.0
j012,2026-08-12 02:00:00,2,2,16,62.2,18.9,1,0,2,0,clear,0,0,2,11.6
j013,2026-08-12 02:00:00,2,2,24,62.1,27.4,0,1,4,0,clear,0,0,0,9.1
j014,2026-08-12 02:00:00,2,2,38,57.0,38.1,0,2,4,0,clear,0,0,0,18.6
j015,2026-08-12 02:00:00,2,2,50,44.5,52.8,0,5,2,0,rain,0,0,0,25.2
j016,2026-08-12 02:00:00,2,2,8,72.1,8.9,0,0,1,0,clear,0,0,1,2.7
j017,2026-08-12 02:00:00,2,2,20,67.0,19.3,0,0,2,0,clear,0,0,0,5.4
j018,2026-08-12 02:00:00,2,2,30,50.8,34.8,0,3,2,0,clear,0,0,3,7.9
j001,2026-08-12 03:00:00,2,3,5,74.6,4.0,0,0,1,0,fog,0,0,0,13.7
j002,2026-08-12 03:00:00,2,3,19,77.8,17.8,0,3,1,0,clear,0,0,1,6.2
j003,2026-08-12 03:00:00,2,3,28,74.9,22.7,0,3,1,0,clear,0,0,0,3.6
j004,2026-08-12 03:00:00,2,3,40,60.3,33.0,0,3,3,0,clear,0,0,0,5.0
j005,2026-08-12 03:00:00,2,3,46,47.9,43.7,0,2,2,0,clear,0,0,1,19.0
j006,2026-08-12 03:00:00,2,3,7,76.4,7.4,0,0,2,0,clear,0,0,4,0.0
j007,2026-08-12 03:00:00,2,3,18,68.4,14.8,0,0,0,0,fog,0,0,1,3.3
j008,2026-08-12 03:00:00,2,3,22,69.7,17.8,0,2,0,0,rain,0,0,0,8.3
j009,2026-08-12 03:00:00,2,3,33,55.9,35.6,0,1,3,0,rain,1,0,1,21.5
j010,2026-08-12 03:00:00,2,3,45,41.9,53.2,0,0,5,0,rain,0,0,0,23.4
j011,2026-08-12 03:00:00,2,3,10,73.3,8.7,0,1,1,0,clear,0,0,3,0.0
j012,2026-08-12 03:00:00,2,3,16,72.8,13.4,0,2,3,0,clear,0,0,0,8.3
j013,2026-08-12 03:00:00,2,3,28,47.0,33.2,0,3,1,0,clear,0,0,0,6.6
j014,2026-08-12 03:00:00,2,3,32,67.3,27.9,0,0,1,0,clear,0,0,1,3.2
j015,2026-08-12 03:00:00,2,3,42,46.4,48.2,0,6,4,0,clear,0,0,3,8.4
j016,2026-08-12 03:00:00,2,3,10,72.0,9.2,0,0,0,0,clear,0,0,2,0.0
j017,2026-08-12 03:00:00,2,3,17,62.3,17.9,0,2,2,0,clear,0,0,2,5.5
j018,2026-08-12 03:00:00,2,3,27,59.5,31.7,0,1,3,0,clear,0,0,3,0.0
j001,2026-08-12 04:00:00,2,4,7,66.4,8.1,0,0,0,0,clear,0,0,1,6.2
j002,2026-08-12 04:00:00,2,4,17,73.0,18.8,0,0,4,0,clear,0,0,2,0.0
j003,2026-08-12 04:00:00,2,4,29,57.0,30.4,0,0,1,0,clear,0,0,2,0.0
j004,2026-08-12 04:00:00,2,4,32,70.5,26.6,0,3,4,0,clear,0,0,0,17.0
j005,2026-08-12 04:00:00,2,4,43,51.7,38.3,0,2,3,0,clear,0,0,0,16.8
j006,2026-08-12 04:00:00,2,4,6,80.0,5.8,0,0,1,0,clear,0,0,0,0.0
j007,2026-08-12 04:00:00,2,4,13,71.7,11.1,0,1,2,0,clear,0,0,2,0.0
j008,2026-08-12 04:00:00,2,4,26,61.7,21.5,0,1,0,0,clear,0,0,2,2.6
j009,2026-08-12 04:00:00,2,4,37,68.3,31.3,0,2,1,0,clear,0,0,0,7.4
j010,2026-08-12 04:00:00,2,4,48,46.0,44.7,0,5,4,0,clear,0,0,0,18.3
j011,2026-08-12 04:00:00,2,4,7,73.5,6.1,0,0,0,0,clear,0,0,1,0.0
j012,2026-08-12 04:00:00,2,4,12,74.0,14.2,0,2,1,0,fog,0,0,1,10.4
j013,2026-08-12 04:00:00,2,4,23,65.0,23.1,0,1,3,0,clear,0,0,0,5.0
j014,2026-08-12 04:00:00,2,4,36,65.3,29.6,0,1,1,0,clear,0,0,1,4.0
j015,2026-08-12 04:00:00,2,4,43,41.3,47.2,0,4,4,0,rain,0,0,2,18.9
j016,2026-08-12 04:00:00,2,4,5,72.6,4.7,0,0,1,0,clear,0,0,2,0.0
j017,2026-08-12 04:00:00,2,4,20,59.9,23.7,0,1,3,0,clear,0,0,0,11.9
j018,2026-08-12 04:00:00,2,4,23,62.3,26.6,0,1,0,0,clear,0,0,0,4.5
j001,2026-08-12 05:00:00,2,5,6,69.3,7.1,0,0,1,0,clear,0,0,2,0.0
j002,2026-08-12 05:00:00,2,5,17,69.6,15.1,0,1,0,0,clear,0,0,0,7.3
j003,2026-08-12 05:00:00,2,5,25,54.3,26.0,0,0,4,0,rain,0,0,1,4.9
j004,2026-08-12 05:00:00,2,5,37,57.2,30.8,0,0,0,0,clear,0,0,2,8.5
j005,2026-08-12 05:00:00,2,5,48,37.9,49.9,0,2,2,0,clear,0,0,1,5.1
j006,2026-08-12 05:00:00,2,5,9,70.7,8.1,0,0,0,0,clear,0,0,0,4.2
j007,2026-08-12 05:00:00,2,5,15,71.7,12.5,0,0,2,0,clear,0,0,1,2.5
j008,2026-08-12 05:00:00,2,5,29,67.9,26.0,0,2,1,0,clear,0,0,2,3.0
j009,2026-08-12 05:00:00,2,5,39,45.7,43.8,0,3,2,0,clear,0,0,0,12.6
j010,2026-08-12 05:00:00,2,5,47,42.1,51.6,0,3,6,0,clear,0,0,1,18.4
j011,2026-08-12 05:00:00,2,5,10,72.6,9.3,0,0,1,0,clear,0,0,1,1.4
j012,2026-08-12 05:00:00,2,5,13,74.9,11.9,0,1,0,0,clear,0,0,0,2.3
j013,2026-08-12 05:00:00,2,5,28,41.4,31.9,0,1,5,0,clear,0,0,2,16.6
j014,2026-08-12 05:00:00,2,5,40,54.3,45.9,0,2,6,0,clear,0,0,0,25.6
j015,2026-08-12 05:00:00,2,5,46,48.9,39.7,0,2,0,0,clear,0,0,0,5.0
j016,2026-08-12 05:00:00,2,5,7,59.8,6.7,0,0,0,0,clear,0,0,0,1.0
j017,2026-08-12 05:00:00,2,5,16,58.4,17.5,0,0,1,0,clear,0,0,0,7.1
j018,2026-08-12 05:00:00,2,5,21,68.2,24.5,0,0,2,0,clear,0,0,1,0.1
j001,2026-08-12 06:00:00,2,6,23,60.8,26.8,0,2,2,0,clear,1,0,0,13.1
j002,2026-08-12 06:00:00,2,6,36,57.2,31.6,0,0,5,1,rain,0,0,4,9.2
j003,2026-08-12 06:00:00,2,6,69,25.3,80.1,0,0,4,0,clear,0,0,0,23.5
j004,2026-08-12 06:00:00,2,6,60,47.1,56.2,0,3,1,0,rain,0,0,2,15.2
j005,2026-08-12 06:00:00,2,6,76,35.7,66.7,0,0,6,0,clear,0,0,2,11.4
j006,2026-08-12 06:00:00,2,6,44,46.8,51.0,0,2,3,0,clear,1,0,1,15.0
j007,2026-08-12 06:00:00,2,6,46,44.9,54.3,0,1,6,0,clear,0,0,0,13.9
j008,2026-08-12 06:00:00,2,6,50,43.2,54.9,0,7,8,0,clear,0,0,0,28.3
j009,2026-08-12 06:00:00,2,6,54,62.8,44.0,0,3,2,0,clear,0,0,1,9.5
j010,2026-08-12 06:00:00,2,6,68,27.8,76.9,0,5,14,0,clear,0,0,0,36.6
j011,2026-08-12 06:00:00,2,6,38,56.3,34.2,0,3,2,0,clear,0,0,2,9.4
j012,2026-08-12 06:00:00,2,6,38,66.4,32.0,0,4,0,0,clear,0,0,0,4.8
j013,2026-08-12 06:00:00,2,6,43,55.4,45.9,0,4,2,0,clear,0,0,0,13.8
j014,2026-08-12 06:00:00,2,6,60,35.2,63.5,0,4,2,0,clear,0,0,1,26.9
j015,2026-08-12 06:00:00,2,6,83,13.6,83.7,0,7,6,0,clear,0,0,1,23.1
j016,2026-08-12 06:00:00,2,6,45,51.8,43.0,0,2,1,0,clear,0,0,0,17.9
j017,2026-08-12 06:00:00,2,6,44,42.7,46.8,0,3,3,0,clear,0,0,0,11.9
j018,2026-08-12 06:00:00,2,6,62,44.5,59.3,0,2,3,0,clear,0,0,1,15.8
j001,2026-08-12 07:00:00,2,7,35,53.9,40.4,0,2,3,0,rain,0,0,1,10.1
j002,2026-08-12 07:00:00,2,7,33,56.3,34.6,0,1,4,0,clear,0,0,1,12.8
j003,2026-08-12 07:00:00,2,7,53,41.0,62.5,0,0,4,0,clear,0,0,2,7.1
j004,2026-08-12 07:00:00,2,7,77,18.2,74.2,0,4,7,0,clear,0,0,1,19.9
j005,2026-08-12 07:00:00,2,7,69,30.4,63.7,0,6,4,1,clear,0,0,0,19.6
j006,2026-08-12 07:00:00,2,7,45,52.5,41.0,0,1,5,1,clear,0,0,1,6.9
j007,2026-08-12 07:00:00,2,7,48,38.5,48.4,0,4,6,0,clear,0,0,0,22.4
j008,2026-08-12 07:00:00,2,7,66,37.6,58.0,0,2,2,0,clear,0,0,1,11.9
j009,2026-08-12 07:00:00,2,7,61,31.7,66.6,0,4,4,0,clear,0,0,3,22.2
j010,2026-08-12 07:00:00,2,7,69,40.3,60.1,0,0,2,0,clear,0,0,2,0.5
j011,2026-08-12 07:00:00,2,7,27,60.3,28.5,0,2,1,1,fog,0,0,1,5.0
j012,2026-08-12 07:00:00,2,7,31,61.6,32.2,0,1,6,0,clear,0,0,1,14.7
j013,2026-08-12 07:00:00,2,7,60,36.6,70.9,0,2,3,0,clear,0,0,0,23.6
j014,2026-08-12 07:00:00,2,7,53,43.5,43.3,0,1,3,0,clear,0,0,0,10.8
j015,2026-08-12 07:00:00,2,7,87,21.6,84.1,0,11,10,0,rain,0,0,0,43.1
j016,2026-08-12 07:00:00,2,7,45,48.6,46.4,0,1,4,0,clear,0,0,0,20.7
j017,2026-08-12 07:00:00,2,7,46,53.0,54.7,0,5,5,0,clear,0,0,3,12.6
j018,2026-08-12 07:00:00,2,7,62,47.5,51.2,0,2,0,0,clear,0,0,0,5.9
j001,2026-08-12 08:00:00,2,8,76,5.0,100.0,0,5,10,0,clear,0,0,0,36.6
j002,2026-08-12 08:00:00,2,8,82,17.9,83.6,0,4,6,0,rain,0,0,1,34.3
j003,2026-08-12 08:00:00,2,8,98,21.0,94.7,0,3,6,0,clear,0,0,0,24.3
j004,2026-08-12 08:00:00,2,8,98,9.4,100.0,0,5,11,0,clear,0,0,1,31.3
j005,2026-08-12 08:00:00,2,8,100,6.2,100.0,1,7,9,0,rain,0,0,3,32.6
j006,2026-08-12 08:00:00,2,8,61,23.5,90.4,0,2,3,0,clear,0,0,0,33.8
j007,2026-08-12 08:00:00,2,8,87,5.0,100.0,0,4,8,0,clear,0,0,2,37.2
j008,2026-08-12 08:00:00,2,8,94,7.2,100.0,0,4,7,0,clear,0,0,2,21.6
j009,2026-08-12 08:00:00,2,8,100,16.0,100.0,0,6,10,0,clear,0,0,0,32.0
j010,2026-08-12 08:00:00,2,8,100,5.0,100.0,0,6,12,0,clear,0,0,2,29.4
j011,2026-08-12 08:00:00,2,8,61,17.4,75.4,1,2,8,0,clear,1,0,0,29.4
j012,2026-08-12 08:00:00,2,8,73,10.1,92.8,0,1,5,0,clear,0,0,3,12.2
j013,2026-08-12 08:00:00,2,8,93,10.4,100.0,0,4,8,1,clear,0,0,1,31.1
j014,2026-08-12 08:00:00,2,8,95,10.9,100.0,0,5,6,0,clear,0,0,0,32.4
j015,2026-08-12 08:00:00,2,8,100,11.8,100.0,0,4,9,0,clear,0,0,3,25.5
j016,2026-08-12 08:00:00,2,8,61,28.0,78.7,0,3,6,0,clear,0,0,1,24.3
j017,2026-08-12 08:00:00,2,8,88,10.2,100.0,0,4,6,0,clear,0,0,1,37.4
j018,2026-08-12 08:00:00,2,8,80,5.0,100.0,0,7,9,0,clear,1,0,0,45.5
j001,2026-08-12 09:00:00,2,9,66,25.2,84.2,0,3,6,0,clear,0,0,0,18.3
j002,2026-08-12 09:00:00,2,9,71,11.9,92.0,0,6,3,0,clear,0,0,1,26.4
j003,2026-08-12 09:00:00,2,9,82,22.9,84.7,0,4,4,0,clear,0,0,0,23.6
j004,2026-08-12 09:00:00,2,9,90,9.1,100.0,0,6,7,0,fog,0,0,0,39.6
j005,2026-08-12 09:00:00,2,9,100,13.1,100.0,0,7,5,0,clear,0,0,2,27.7
j006,2026-08-12 09:00:00,2,9,75,6.4,100.0,0,7,5,0,fog,0,0,0,36.2
j007,2026-08-12 09:00:00,2,9,86,5.1,100.0,0,1,8,0,clear,0,0,0,34.9
j008,2026-08-12 09:00:00,2,9,88,11.5,95.6,0,4,5,0,rain,0,0,2,30.4
j009,2026-08-12 09:00:00,2,9,100,6.5,100.0,0,8,7,0,clear,0,0,1,42.2
j010,2026-08-12 09:00:00,2,9,100,19.7,99.6,0,7,5,0,clear,0,0,1,30.5
j011,2026-08-12 09:00:00,2,9,79,7.0,85.7,0,4,14,0,clear,0,0,0,33.6
j012,2026-08-12 09:00:00,2,9,88,5.0,100.0,0,5,9,0,clear,0,0,0,38.5
j013,2026-08-12 09:00:00,2,9,90,5.0,100.0,0,2,7,0,fog,0,0,2,30.1
j014,2026-08-12 09:00:00,2,9,92,14.8,100.0,0,2,12,0,clear,0,0,2,36.9
j015,2026-08-12 09:00:00,2,9,100,11.5,100.0,0,4,4,0,clear,0,0,2,29.2
j016,2026-08-12 09:00:00,2,9,71,10.3,100.0,0,1,10,0,clear,1,0,0,43.0
j017,2026-08-12 09:00:00,2,9,78,16.3,94.5,0,4,6,0,clear,0,0,0,33.6
j018,2026-08-12 09:00:00,2,9,82,11.5,100.0,0,5,7,0,clear,1,0,1,37.7
j001,2026-08-12 10:00:00,2,10,49,36.8,58.4,0,3,4,0,rain,0,0,1,12.9
j002,2026-08-12 10:00:00,2,10,42,57.7,36.8,0,1,3,0,clear,0,1,0,16.6
j003,2026-08-12 10:00:00,2,10,62,41.1,63.4,0,3,6,0,clear,0,0,0,23.4
j004,2026-08-12 10:00:00,2,10,65,28.2,73.4,0,5,4,0,clear,0,0,1,21.1
j005,2026-08-12 10:00:00,2,10,67,23.1,79.0,0,6,1,0,clear,0,0,2,22.5
j006,2026-08-12 10:00:00,2,10,31,60.5,28.6,0,0,2,0,clear,0,0,0,20.5
j007,2026-08-12 10:00:00,2,10,31,60.9,36.8,0,1,3,0,clear,0,0,0,17.7
j008,2026-08-12 10:00:00,2,10,44,62.9,35.9,0,4,4,0,clear,0,0,0,19.1
j009,2026-08-12 10:00:00,2,10,77,33.5,72.0,0,2,4,0,clear,0,0,0,25.6
j010,2026-08-12 10:00:00,2,10,78,14.1,92.8,0,2,10,1,clear,0,0,0,29.8
j011,2026-08-12 10:00:00,2,10,46,40.0,47.5,0,1,1,0,clear,0,0,0,11.4
j012,2026-08-12 10:00:00,2,10,52,38.2,53.7,0,2,5,0,clear,0,0,1,23.6
j013,2026-08-12 10:00:00,2,10,68,40.7,64.2,0,0,8,0,clear,0,0,0,16.4
j014,2026-08-12 10:00:00,2,10,66,50.2,54.7,0,4,4,0,rain,0,0,0,23.7
j015,2026-08-12 10:00:00,2,10,80,34.2,68.7,0,4,8,0,rain,0,0,4,23.7
j016,2026-08-12 10:00:00,2,10,46,46.0,42.1,0,2,2,0,clear,0,0,2,2.0
j017,2026-08-12 10:00:00,2,10,58,44.8,55.1,0,2,3,0,fog,0,0,1,14.8
j018,2026-08-12 10:00:00,2,10,43,57.6,35.7,0,2,2,0,clear,0,0,2,11.2
j001,2026-08-12 11:00:00,2,11,23,66.0,21.3,0,4,1,1,rain,0,0,4,10.3
j002,2026-08-12 11:00:00,2,11,32,70.9,26.0,0,2,1,0,clear,0,0,0,0.2
j003,2026-08-12 11:00:00,2,11,49,45.7,43.3,0,4,3,0,clear,0,0,4,7.6
j004,2026-08-12 11:00:00,2,11,78,37.8,62.7,0,4,1,0,clear,0,0,1,18.2
j005,2026-08-12 11:00:00,2,11,61,37.1,54.5,0,2,7,0,clear,0,0,2,15.6
j006,2026-08-12 11:00:00,2,11,41,42.9,47.6,0,1,3,0,clear,0,0,1,9.0
j007,2026-08-12 11:00:00,2,11,30,53.9,34.9,0,2,1,0,clear,0,0,0,21.8
j008,2026-08-12 11:00:00,2,11,49,50.8,39.5,0,4,1,0,clear,0,0,1,8.1
j009,2026-08-12 11:00:00,2,11,70,23.4,77.3,0,6,3,0,rain,0,0,2,25.3
j010,2026-08-12 11:00:00,2,11,77,21.2,85.0,0,3,5,0,clear,0,0,0,29.0
j011,2026-08-12 11:00:00,2,11,33,59.7,36.5,0,1,4,0,clear,0,0,0,12.5
j012,2026-08-12 11:00:00,2,11,56,38.0,64.7,0,1,6,0,clear,0,0,1,18.3
j013,2026-08-12 11:00:00,2,11,69,25.4,70.6,0,3,2,0,clear,0,1,0,30.1
j014,2026-08-12 11:00:00,2,11,60,44.1,51.8,1,5,3,0,clear,0,0,1,23.4
j015,2026-08-12 11:00:00,2,11,66,31.2,75.4,0,6,5,0,rain,0,0,2,25.7
j016,2026-08-12 11:00:00,2,11,41,42.0,44.7,0,3,1,0,clear,0,0,2,11.3
j017,2026-08-12 11:00:00,2,11,34,62.4,29.8,0,0,1,0,clear,0,0,0,8.5
j018,2026-08-12 11:00:00,2,11,56,42.4,51.6,0,1,6,1,clear,0,1,1,17.7
j001,2026-08-12 12:00:00,2,12,25,67.7,27.6,0,0,1,0,clear,0,0,3,0.0
j002,2026-08-12 12:00:00,2,12,37,60.5,30.9,0,2,1,0,clear,0,0,1,6.4
j003,2026-08-12 12:00:00,2,12,45,40.0,52.4,0,1,6,0,rain,1,0,0,32.8
j004,2026-08-12 12:00:00,2,12,77,22.5,84.4,0,6,3,1,clear,0,0,0,16.7
j005,2026-08-12 12:00:00,2,12,81,36.5,72.4,0,6,6,0,clear,0,0,1,23.9
j006,2026-08-12 12:00:00,2,12,38,53.4,37.2,0,2,0,0,clear,0,1,0,16.1
j007,2026-08-12 12:00:00,2,12,38,55.3,30.9,0,1,2,0,clear,0,0,2,5.8
j008,2026-08-12 12:00:00,2,12,63,37.5,63.1,0,5,8,0,clear,0,0,0,28.2
j009,2026-08-12 12:00:00,2,12,50,33.0,57.3,0,3,5,0,fog,0,0,0,26.9
j010,2026-08-12 12:00:00,2,12,67,41.8,60.4,0,2,1,0,rain,0,0,1,27.6
j011,2026-08-12 12:00:00,2,12,23,62.7,22.1,0,1,2,0,clear,0,1,0,18.2
j012,2026-08-12 12:00:00,2,12,37,56.6,37.2,0,0,5,0,clear,0,0,2,3.2
j013,2026-08-12 12:00:00,2,12,60,35.7,63.6,0,1,7,0,clear,0,0,0,19.1
j014,2026-08-12 12:00:00,2,12,77,14.3,79.6,0,3,2,0,clear,0,0,1,21.6
j015,2026-08-12 12:00:00,2,12,73,28.2,83.9,0,3,10,0,clear,0,0,0,33.0
j016,2026-08-12 12:00:00,2,12,35,62.6,30.7,0,2,3,0,rain,0,0,0,26.6
j017,2026-08-12 12:00:00,2,12,45,48.1,39.2,0,0,4,1,clear,0,0,1,8.1
j018,2026-08-12 12:00:00,2,12,58,32.5,59.3,0,4,4,0,clear,0,0,3,14.4
j001,2026-08-12 13:00:00,2,13,22,60.6,23.2,0,1,6,0,clear,0,0,2,0.0
j002,2026-08-12 13:00:00,2,13,33,56.3,29.2,0,1,1,0,clear,0,0,4,0.0
j003,2026-08-12 13:00:00,2,13,55,36.9,56.9,0,4,4,0,clear,0,0,0,28.1
j004,2026-08-12 13:00:00,2,13,69,42.5,56.1,0,7,3,0,clear,0,0,1,13.6
j005,2026-08-12 13:00:00,2,13,89,22.7,72.8,1,10,4,0,clear,0,0,1,31.8
j006,2026-08-12 13:00:00,2,13,43,54.5,38.9,0,1,2,0,clear,0,0,0,15.3
j007,2026-08-12 13:00:00,2,13,50,54.6,42.0,0,5,4,1,clear,0,0,3,20.7
j008,2026-08-12 13:00:00,2,13,47,49.8,47.8,0,2,1,0,rain,0,0,0,28.5
j009,2026-08-12 13:00:00,2,13,58,38.3,52.5,0,2,2,0,rain,0,0,4,11.6
j010,2026-08-12 13:00:00,2,13,89,20.2,77.7,0,5,12,0,clear,0,0,1,29.1
j011,2026-08-12 13:00:00,2,13,26,60.3,20.9,0,0,2,0,clear,0,0,0,11.8
j012,2026-08-12 13:00:00,2,13,30,62.5,26.2,0,4,1,0,clear,0,0,2,5.0
j013,2026-08-12 13:00:00,2,13,63,38.8,55.9,0,3,1,0,clear,0,0,0,18.0
j014,2026-08-12 13:00:00,2,13,71,35.3,64.8,0,4,3,0,clear,0,0,1,24.3
j015,2026-08-12 13:00:00,2,13,84,5.0,99.5,0,5,10,0,rain,0,0,2,39.2
j016,2026-08-12 13:00:00,2,13,34,55.4,39.2,0,0,5,0,clear,0,0,1,6.0
j017,2026-08-12 13:00:00,2,13,30,45.7,35.6,0,1,1,0,clear,0,0,1,18.3
j018,2026-08-12 13:00:00,2,13,45,44.4,49.3,1,2,3,0,rain,0,0,1,13.5
j001,2026-08-12 14:00:00,2,14,37,46.5,44.4,0,3,0,0,fog,0,0,0,25.3
j002,2026-08-12 14:00:00,2,14,52,35.9,52.6,0,4,3,0,clear,1,0,1,18.1
j003,2026-08-12 14:00:00,2,14,58,31.8,60.3,0,1,0,0,clear,0,1,0,8.6
j004,2026-08-12 14:00:00,2,14,76,19.0,79.2,0,2,4,0,clear,0,0,1,29.6
j005,2026-08-12 14:00:00,2,14,65,34.0,60.0,0,4,4,0,clear,1,0,0,33.9
j006,2026-08-12 14:00:00,2,14,36,58.7,41.8,0,1,3,0,clear,0,0,1,3.9
j007,2026-08-12 14:00:00,2,14,53,35.4,57.1,0,1,6,0,clear,0,0,1,15.7
j008,2026-08-12 14:00:00,2,14,42,68.8,34.2,0,1,2,0,clear,0,0,2,6.8
j009,2026-08-12 14:00:00,2,14,61,47.3,54.7,0,2,6,0,clear,0,0,0,16.2
j010,2026-08-12 14:00:00,2,14,69,36.9,57.7,0,4,4,0,clear,0,0,0,17.7
j011,2026-08-12 14:00:00,2,14,25,65.2,26.2,0,3,4,0,clear,0,0,2,15.0
j012,2026-08-12 14:00:00,2,14,54,41.8,46.3,0,5,4,0,rain,0,0,0,32.4
j013,2026-08-12 14:00:00,2,14,61,36.8,53.2,0,2,8,0,clear,0,0,0,30.4
j014,2026-08-12 14:00:00,2,14,65,33.1,63.4,0,2,4,0,clear,0,0,2,21.7
j015,2026-08-12 14:00:00,2,14,60,40.5,57.4,0,4,4,0,clear,0,0,1,13.3
j016,2026-08-12 14:00:00,2,14,24,51.5,24.8,0,2,3,0,rain,0,1,1,13.1
j017,2026-08-12 14:00:00,2,14,32,63.0,26.7,0,0,1,0,clear,0,0,0,12.3
j018,2026-08-12 14:00:00,2,14,69,38.3,69.3,0,6,2,0,clear,0,0,1,18.2
j001,2026-08-12 15:00:00,2,15,32,56.6,34.7,0,3,2,0,clear,0,0,1,9.5
j002,2026-08-12 15:00:00,2,15,58,19.3,68.7,0,1,3,0,clear,0,0,0,20.0
j003,2026-08-12 15:00:00,2,15,57,52.2,48.5,0,1,5,0,clear,0,0,0,7.4
j004,2026-08-12 15:00:00,2,15,72,31.5,69.0,0,3,4,0,clear,0,0,0,16.8
j005,2026-08-12 15:00:00,2,15,60,42.2,55.9,0,5,3,0,clear,0,0,1,17.7
j006,2026-08-12 15:00:00,2,15,44,49.2,40.3,0,2,2,0,rain,0,0,3,9.9
j007,2026-08-12 15:00:00,2,15,46,46.6,42.1,0,0,3,0,clear,0,0,0,2.0
j008,2026-08-12 15:00:00,2,15,63,31.2,72.8,0,4,4,0,clear,0,0,1,18.6
j009,2026-08-12 15:00:00,2,15,65,37.6,63.6,0,3,9,0,clear,0,0,1,21.3
j010,2026-08-12 15:00:00,2,15,60,40.1,59.6,0,3,3,0,clear,0,0,1,17.9
j011,2026-08-12 15:00:00,2,15,38,51.5,35.4,0,2,3,0,clear,1,0,1,13.2
j012,2026-08-12 15:00:00,2,15,36,59.7,31.8,0,3,1,0,clear,0,0,4,0.0
j013,2026-08-12 15:00:00,2,15,57,55.4,46.5,0,3,2,0,rain,0,0,0,14.2
j014,2026-08-12 15:00:00,2,15,59,39.9,49.7,0,6,3,0,rain,0,0,2,17.0
j015,2026-08-12 15:00:00,2,15,89,9.0,100.0,0,4,4,0,clear,0,0,0,34.5
j016,2026-08-12 15:00:00,2,15,24,58.2,25.4,0,1,3,1,clear,0,0,2,5.6
j017,2026-08-12 15:00:00,2,15,59,40.4,63.6,0,3,4,0,clear,0,0,1,20.5
j018,2026-08-12 15:00:00,2,15,48,37.7,55.8,0,3,8,0,clear,0,0,0,18.9
j001,2026-08-12 16:00:00,2,16,40,49.2,42.6,0,4,4,0,clear,0,0,3,6.9
j002,2026-08-12 16:00:00,2,16,36,44.8,41.8,0,6,1,0,rain,0,0,2,19.6
j003,2026-08-12 16:00:00,2,16,66,33.9,63.2,0,4,5,0,clear,0,0,1,15.1
j004,2026-08-12 16:00:00,2,16,76,25.7,78.6,0,4,10,0,clear,0,0,1,29.3
j005,2026-08-12 16:00:00,2,16,88,15.8,89.6,0,1,9,0,clear,0,0,2,14.3
j006,2026-08-12 16:00:00,2,16,31,65.4,34.4,0,1,4,0,clear,0,0,2,9.6
j007,2026-08-12 16:00:00,2,16,34,53.2,31.7,0,0,0,0,clear,0,0,1,0.0
j008,2026-08-12 16:00:00,2,16,56,37.1,64.4,0,3,3,0,clear,0,0,2,9.7
j009,2026-08-12 16:00:00,2,16,56,29.2,64.7,0,4,8,0,clear,0,0,1,26.6
j010,2026-08-12 16:00:00,2,16,80,19.6,91.2,0,4,8,0,clear,0,0,0,27.2
j011,2026-08-12 16:00:00,2,16,32,58.0,32.5,0,1,2,0,clear,0,0,1,2.3
j012,2026-08-12 16:00:00,2,16,47,45.8,44.5,0,3,1,0,clear,0,0,1,7.3
j013,2026-08-12 16:00:00,2,16,68,40.3,62.4,0,4,8,0,clear,0,0,0,15.5
j014,2026-08-12 16:00:00,2,16,71,34.3,66.1,0,5,7,0,clear,0,0,1,22.4
j015,2026-08-12 16:00:00,2,16,83,18.4,83.0,0,6,6,0,rain,0,0,0,39.5
j016,2026-08-12 16:00:00,2,16,30,62.3,33.3,0,2,1,0,clear,0,0,2,3.7
j017,2026-08-12 16:00:00,2,16,58,49.7,49.7,0,3,6,0,clear,0,0,0,18.8
j018,2026-08-12 16:00:00,2,16,60,40.9,52.7,0,1,4,0,clear,0,0,0,14.1
j001,2026-08-12 17:00:00,2,17,75,11.1,98.7,0,2,5,0,clear,0,0,1,21.6
j002,2026-08-12 17:00:00,2,17,79,25.9,76.2,0,5,2,0,clear,0,0,3,5.2
j003,2026-08-12 17:00:00,2,17,94,18.9,89.5,0,6,12,0,clear,0,0,1,28.0
j004,2026-08-12 17:00:00,2,17,100,14.5,100.0,0,5,9,0,clear,0,0,0,36.2
j005,2026-08-12 17:00:00,2,17,100,10.5,100.0,0,1,6,0,clear,0,0,2,26.2
j006,2026-08-12 17:00:00,2,17,63,19.4,87.6,0,1,3,0,clear,0,0,1,20.8
j007,2026-08-12 17:00:00,2,17,87,18.7,100.0,0,8,6,0,clear,0,0,0,35.6
j008,2026-08-12 17:00:00,2,17,99,6.3,100.0,0,5,10,0,clear,0,0,0,34.6
j009,2026-08-12 17:00:00,2,17,100,15.8,100.0,0,2,9,0,clear,0,0,1,22.2
j010,2026-08-12 17:00:00,2,17,100,16.0,99.7,0,2,5,0,clear,0,0,0,28.2
j011,2026-08-12 17:00:00,2,17,74,5.7,100.0,0,4,8,0,clear,0,0,0,40.1
j012,2026-08-12 17:00:00,2,17,74,5.0,97.7,0,4,11,0,clear,0,0,3,26.8
j013,2026-08-12 17:00:00,2,17,99,9.0,100.0,0,3,7,0,clear,0,0,2,28.8
j014,2026-08-12 17:00:00,2,17,100,18.4,100.0,0,3,7,0,clear,0,0,0,30.4
j015,2026-08-12 17:00:00,2,17,100,10.0,100.0,0,2,5,0,clear,0,0,1,16.8
j016,2026-08-12 17:00:00,2,17,77,11.9,100.0,1,2,5,0,fog,0,0,0,38.9
j017,2026-08-12 17:00:00,2,17,85,8.3,100.0,0,3,5,0,rain,0,0,0,38.2
j018,2026-08-12 17:00:00,2,17,94,5.0,100.0,0,5,9,0,clear,0,0,3,27.1
j001,2026-08-12 18:00:00,2,18,70,23.9,95.7,0,2,8,0,clear,0,0,0,29.0
j002,2026-08-12 18:00:00,2,18,71,36.2,71.4,0,1,6,0,clear,0,0,1,17.9
j003,2026-08-12 18:00:00,2,18,85,5.1,96.2,0,1,4,0,clear,0,0,2,23.4
j004,2026-08-12 18:00:00,2,18,100,5.0,100.0,0,6,7,0,clear,0,0,0,33.8
j005,2026-08-12 18:00:00,2,18,100,7.4,100.0,0,5,10,0,clear,0,0,3,31.5
j006,2026-08-12 18:00:00,2,18,68,27.2,77.1,0,3,1,0,clear,0,0,1,24.7
j007,2026-08-12 18:00:00,2,18,75,15.4,88.0,0,5,6,0,clear,0,0,0,26.8
j008,2026-08-12 18:00:00,2,18,82,15.0,100.0,0,2,6,0,clear,0,0,2,29.1
j009,2026-08-12 18:00:00,2,18,100,13.0,100.0,0,7,11,0,clear,0,0,3,27.3
j010,2026-08-12 18:00:00,2,18,100,9.2,100.0,0,6,8,0,clear,0,0,0,39.5
j011,2026-08-12 18:00:00,2,18,70,10.3,95.4,0,4,8,0,clear,0,1,0,29.8
j012,2026-08-12 18:00:00,2,18,78,14.5,86.2,0,5,3,0,rain,0,0,2,21.5
j013,2026-08-12 18:00:00,2,18,93,13.0,97.1,0,3,4,0,clear,0,0,0,22.7
j014,2026-08-12 18:00:00,2,18,100,5.0,100.0,0,5,7,0,clear,0,1,2,31.3
j015,2026-08-12 18:00:00,2,18,100,5.0,100.0,0,6,3,0,clear,0,0,2,22.6
j016,2026-08-12 18:00:00,2,18,68,9.7,100.0,0,5,9,0,clear,0,0,0,39.0
j017,2026-08-12 18:00:00,2,18,78,19.7,92.5,0,9,3,0,rain,0,0,3,26.9
j018,2026-08-12 18:00:00,2,18,90,13.5,91.9,0,2,8,0,clear,0,0,2,19.8
j001,2026-08-12 19:00:00,2,19,78,7.7,100.0,0,7,10,0,clear,0,0,0,42.4
j002,2026-08-12 19:00:00,2,19,83,18.5,98.8,0,4,4,0,clear,0,0,0,33.5
j003,2026-08-12 19:00:00,2,19,94,11.2,100.0,0,4,5,0,clear,0,0,0,36.6
j004,2026-08-12 19:00:00,2,19,100,10.5,100.0,0,4,8,0,clear,0,0,0,26.6
j005,2026-08-12 19:00:00,2,19,100,17.7,100.0,0,4,8,0,clear,0,0,0,38.3
j006,2026-08-12 19:00:00,2,19,74,5.0,100.0,0,5,6,0,clear,0,0,0,28.7
j007,2026-08-12 19:00:00,2,19,77,10.4,92.4,0,2,9,0,clear,0,0,1,22.8
j008,2026-08-12 19:00:00,2,19,84,10.5,100.0,0,6,7,0,clear,0,0,0,32.9
j009,2026-08-12 19:00:00,2,19,100,5.0,100.0,0,6,6,0,rain,0,0,0,32.8
j010,2026-08-12 19:00:00,2,19,100,11.5,100.0,0,6,4,0,clear,0,0,3,27.9
j011,2026-08-12 19:00:00,2,19,62,23.7,71.6,0,2,3,0,clear,0,0,0,19.1
j012,2026-08-12 19:00:00,2,19,86,8.8,100.0,0,3,7,0,clear,0,0,1,33.9
j013,2026-08-12 19:00:00,2,19,95,11.3,99.9,0,6,7,0,clear,0,0,0,35.8
j014,2026-08-12 19:00:00,2,19,100,15.9,100.0,0,4,5,0,clear,0,0,3,20.3
j015,2026-08-12 19:00:00,2,19,100,14.0,100.0,0,4,4,0,clear,0,0,3,22.6
j016,2026-08-12 19:00:00,2,19,69,22.9,84.8,1,1,8,0,clear,0,0,2,24.7
j017,2026-08-12 19:00:00,2,19,77,12.2,99.2,0,4,15,0,clear,0,0,1,36.2
j018,2026-08-12 19:00:00,2,19,95,5.0,100.0,0,5,5,0,clear,0,0,3,17.4
j001,2026-08-12 20:00:00,2,20,46,55.4,46.5,0,6,3,0,clear,0,0,3,10.0
j002,2026-08-12 20:00:00,2,20,36,54.1,34.6,0,0,2,0,clear,0,0,0,12.0
j003,2026-08-12 20:00:00,2,20,67,30.4,69.9,0,3,5,0,clear,0,0,3,10.8
j004,2026-08-12 20:00:00,2,20,79,18.0,94.2,0,6,9,0,fog,0,0,1,27.4
j005,2026-08-12 20:00:00,2,20,88,17.6,97.7,0,5,8,0,clear,0,0,1,38.5
j006,2026-08-12 20:00:00,2,20,49,52.0,48.0,0,1,2,0,clear,0,0,2,4.2
j007,2026-08-12 20:00:00,2,20,39,46.7,40.2,0,4,6,0,clear,0,0,0,20.8
j008,2026-08-12 20:00:00,2,20,47,36.2,55.2,0,2,6,0,clear,0,0,0,10.0
j009,2026-08-12 20:00:00,2,20,59,38.0,66.2,0,1,5,0,clear,0,0,1,21.1
j010,2026-08-12 20:00:00,2,20,70,46.3,63.6,0,3,2,0,clear,0,0,2,11.5
j011,2026-08-12 20:00:00,2,20,47,59.5,37.8,0,2,2,0,clear,0,0,1,14.2
j012,2026-08-12 20:00:00,2,20,42,54.3,40.9,0,4,7,0,clear,0,0,0,28.4
j013,2026-08-12 20:00:00,2,20,69,29.5,74.3,0,3,7,0,clear,0,0,2,18.4
j014,2026-08-12 20:00:00,2,20,74,22.6,87.4,0,5,7,0,clear,0,0,3,17.7
j015,2026-08-12 20:00:00,2,20,66,29.1,77.5,0,1,6,0,rain,0,0,2,29.2
j016,2026-08-12 20:00:00,2,20,24,64.9,24.3,0,3,2,0,clear,0,0,3,0.0
j017,2026-08-12 20:00:00,2,20,36,59.8,34.7,0,1,3,0,clear,0,0,2,6.6
j018,2026-08-12 20:00:00,2,20,41,48.7,34.7,0,1,3,0,rain,0,0,2,8.7
j001,2026-08-12 21:00:00,2,21,38,55.9,39.0,1,1,1,0,clear,0,0,1,14.9
j002,2026-08-12 21:00:00,2,21,46,55.5,39.8,0,2,1,0,clear,0,0,1,1.3
j003,2026-08-12 21:00:00,2,21,48,52.5,43.6,0,4,6,0,clear,0,0,3,13.9
j004,2026-08-12 21:00:00,2,21,65,23.1,78.0,0,5,4,0,clear,0,0,4,17.3
j005,2026-08-12 21:00:00,2,21,74,27.5,80.8,0,3,2,0,clear,1,0,1,32.8
j006,2026-08-12 21:00:00,2,21,22,65.3,23.0,0,0,2,0,clear,0,0,0,0.0
j007,2026-08-12 21:00:00,2,21,57,40.0,57.5,0,1,3,0,clear,0,0,0,17.9
j008,2026-08-12 21:00:00,2,21,58,32.1,62.6,0,2,6,0,clear,0,0,4,5.9
j009,2026-08-12 21:00:00,2,21,79,31.8,84.6,0,3,5,0,clear,0,0,3,21.0
j010,2026-08-12 21:00:00,2,21,69,24.9,75.7,0,2,6,0,clear,0,0,2,31.7
j011,2026-08-12 21:00:00,2,21,49,40.0,52.2,0,2,5,0,clear,0,0,0,8.8
j012,2026-08-12 21:00:00,2,21,46,52.0,46.1,0,4,4,0,clear,0,0,0,10.7
j013,2026-08-12 21:00:00,2,21,41,46.2,42.3,0,2,3,0,clear,0,0,0,17.9
j014,2026-08-12 21:00:00,2,21,64,38.9,54.8,0,1,5,0,clear,0,0,1,9.0
j015,2026-08-12 21:00:00,2,21,65,36.7,66.5,0,4,3,0,clear,0,0,3,16.9
j016,2026-08-12 21:00:00,2,21,23,68.4,21.2,0,1,0,0,clear,0,1,2,3.1
j017,2026-08-12 21:00:00,2,21,43,49.3,48.5,0,0,1,0,fog,0,0,0,19.7
j018,2026-08-12 21:00:00,2,21,44,48.0,38.9,0,3,4,0,clear,0,0,2,0.0
j001,2026-08-12 22:00:00,2,22,22,60.0,20.9,0,1,1,0,clear,0,0,1,0.0
j002,2026-08-12 22:00:00,2,22,35,60.5,35.0,0,3,2,0,clear,0,0,2,3.8
j003,2026-08-12 22:00:00,2,22,56,39.2,58.3,0,1,1,0,clear,0,0,0,18.6
j004,2026-08-12 22:00:00,2,22,68,19.4,79.1,0,2,4,0,clear,0,0,1,32.4
j005,2026-08-12 22:00:00,2,22,78,11.7,87.2,0,5,2,0,clear,0,0,0,28.3
j006,2026-08-12 22:00:00,2,22,40,47.7,47.2,0,1,5,0,clear,0,0,0,14.8
j007,2026-08-12 22:00:00,2,22,35,53.9,41.4,0,2,8,0,clear,0,0,0,14.4
j008,2026-08-12 22:00:00,2,22,42,45.5,49.1,0,1,0,0,clear,0,0,3,12.8
j009,2026-08-12 22:00:00,2,22,68,39.6,54.7,0,1,1,0,clear,0,0,3,17.4
j010,2026-08-12 22:00:00,2,22,87,16.9,96.5,0,3,7,0,clear,0,0,0,24.9
j011,2026-08-12 22:00:00,2,22,44,54.8,44.6,0,3,5,0,clear,0,0,1,14.2
j012,2026-08-12 22:00:00,2,22,54,41.5,59.5,0,1,2,0,clear,0,0,3,8.9
j013,2026-08-12 22:00:00,2,22,48,52.5,45.2,0,1,2,0,clear,0,0,1,11.1
j014,2026-08-12 22:00:00,2,22,75,35.3,60.7,0,4,5,0,clear,0,0,1,13.5
j015,2026-08-12 22:00:00,2,22,69,30.2,82.1,0,3,6,0,fog,0,0,0,31.2
j016,2026-08-12 22:00:00,2,22,37,54.7,30.5,0,2,1,0,rain,0,0,0,13.9
j017,2026-08-12 22:00:00,2,22,41,56.3,37.6,0,0,2,0,clear,0,0,1,0.0
j018,2026-08-12 22:00:00,2,22,47,40.0,49.6,0,3,2,0,clear,0,0,0,12.4
j001,2026-08-12 23:00:00,2,23,10,74.9,11.3,0,1,1,0,clear,1,0,0,8.6
j002,2026-08-12 23:00:00,2,23,18,66.2,18.8,0,1,3,0,clear,0,0,0,12.8
j003,2026-08-12 23:00:00,2,23,28,61.2,24.0,0,0,1,0,rain,0,0,3,1.8
j004,2026-08-12 23:00:00,2,23,38,54.3,41.2,0,3,2,0,clear,0,0,2,8.7
j005,2026-08-12 23:00:00,2,23,43,44.1,45.6,0,2,4,0,clear,0,0,3,10.6
j006,2026-08-12 23:00:00,2,23,8,68.9,9.2,0,1,0,0,clear,0,0,2,0.0
j007,2026-08-12 23:00:00,2,23,19,61.0,21.0,0,1,5,0,clear,0,0,0,10.2
j008,2026-08-12 23:00:00,2,23,24,72.6,19.5,0,1,2,0,rain,0,0,0,10.3
j009,2026-08-12 23:00:00,2,23,35,61.6,37.3,0,3,7,0,clear,0,0,0,20.1
j010,2026-08-12 23:00:00,2,23,41,43.3,46.2,0,1,5,0,clear,0,0,0,24.0
j011,2026-08-12 23:00:00,2,23,8,65.0,8.5,0,0,0,0,clear,0,0,1,2.2
j012,2026-08-12 23:00:00,2,23,13,66.8,11.6,0,0,0,0,clear,0,0,2,0.3
j013,2026-08-12 23:00:00,2,23,22,59.8,18.7,0,0,0,0,clear,0,0,0,6.4
j014,2026-08-12 23:00:00,2,23,33,51.5,27.0,0,1,2,0,clear,0,0,0,4.9
j015,2026-08-12 23:00:00,2,23,41,62.4,33.5,0,2,3,0,clear,0,0,1,14.6
j016,2026-08-12 23:00:00,2,23,7,79.7,7.5,0,0,0,0,clear,0,0,0,10.8
j017,2026-08-12 23:00:00,2,23,13,60.4,12.1,0,0,1,0,clear,0,0,0,4.2
j018,2026-08-12 23:00:00,2,23,24,61.2,27.6,0,2,1,0,fog,0,0,1,22.3
j001,2026-08-13 00:00:00,3,0,5,77.8,5.6,0,1,0,0,clear,0,0,2,0.0
j002,2026-08-13 00:00:00,3,0,14,69.3,12.1,0,0,2,0,rain,0,0,0,10.1
j003,2026-08-13 00:00:00,3,0,24,63.7,21.7,0,0,1,0,clear,0,0,1,0.0
j004,2026-08-13 00:00:00,3,0,39,47.6,43.9,0,3,4,0,clear,0,0,2,9.5
j005,2026-08-13 00:00:00,3,0,48,43.9,51.3,0,4,3,0,clear,0,0,1,12.7
j006,2026-08-13 00:00:00,3,0,5,71.5,6.0,0,0,0,0,clear,0,0,2,0.0
j007,2026-08-13 00:00:00,3,0,16,68.0,18.3,0,1,0,0,clear,0,0,1,2.2
j008,2026-08-13 00:00:00,3,0,22,64.5,22.3,1,1,3,0,clear,0,0,2,0.0
j009,2026-08-13 00:00:00,3,0,31,65.4,26.8,0,1,1,0,clear,0,0,0,6.8
j010,2026-08-13 00:00:00,3,0,48,54.2,41.9,0,3,1,0,clear,0,0,0,7.4
j011,2026-08-13 00:00:00,3,0,8,80.0,7.5,0,2,1,0,clear,0,0,2,8.4
j012,2026-08-13 00:00:00,3,0,18,72.9,16.6,0,0,2,0,clear,0,0,2,0.0
j013,2026-08-13 00:00:00,3,0,24,64.7,19.5,0,1,0,0,rain,1,0,0,21.6
j014,2026-08-13 00:00:00,3,0,31,53.3,36.7,0,3,2,0,clear,0,0,0,10.0
j015,2026-08-13 00:00:00,3,0,45,46.7,42.6,0,4,3,0,rain,0,0,1,21.2
j016,2026-08-13 00:00:00,3,0,5,68.8,5.3,0,0,0,0,clear,0,0,1,0.0
j017,2026-08-13 00:00:00,3,0,15,65.3,17.4,0,1,6,0,rain,0,0,2,1.9
j018,2026-08-13 00:00:00,3,0,21,60.1,24.0,0,3,4,0,clear,0,0,2,2.6
j001,2026-08-13 01:00:00,3,1,7,72.5,5.8,0,0,0,0,clear,0,0,1,6.0
j002,2026-08-13 01:00:00,3,1,12,69.8,11.5,0,1,1,0,clear,0,0,1,0.0
j003,2026-08-13 01:00:00,3,1,26,59.5,29.5,0,1,1,0,clear,0,0,0,7.7
j004,2026-08-13 01:00:00,3,1,40,43.6,47.9,0,3,3,0,fog,0,0,3,5.8
j005,2026-08-13 01:00:00,3,1,42,58.3,40.7,0,3,2,0,clear,0,0,1,20.3
j006,2026-08-13 01:00:00,3,1,7,80.0,5.6,0,0,0,0,clear,0,1,2,1.0
j007,2026-08-13 01:00:00,3,1,18,62.9,17.2,0,0,1,0,clear,0,0,4,0.0
j008,2026-08-13 01:00:00,3,1,28,61.0,27.8,0,3,0,0,clear,0,0,1,5.4
j009,2026-08-13 01:00:00,3,1,39,59.2,44.1,0,1,4,0,clear,0,0,3,5.8
j010,2026-08-13 01:00:00,3,1,43,52.3,43.2,0,2,3,0,clear,0,0,0,8.3
j011,2026-08-13 01:00:00,3,1,5,66.1,4.3,0,0,0,0,clear,0,0,2,0.0
j012,2026-08-13 01:00:00,3,1,20,70.6,16.2,0,0,0,0,clear,0,0,2,0.0
j013,2026-08-13 01:00:00,3,1,23,65.1,25.6,0,3,1,0,clear,0,0,0,9.5
j014,2026-08-13 01:00:00,3,1,35,50.9,37.7,0,3,0,0,rain,0,0,2,12.6
j015,2026-08-13 01:00:00,3,1,45,55.8,43.4,0,2,2,0,clear,0,0,0,16.2
j016,2026-08-13 01:00:00,3,1,10,73.5,10.9,0,0,0,0,clear,0,0,2,0.0
j017,2026-08-13 01:00:00,3,1,12,66.7,13.9,0,0,1,0,clear,0,0,2,1.7
j018,2026-08-13 01:00:00,3,1,27,66.4,23.6,0,2,3,0,clear,0,0,1,1.7
j001,2026-08-13 02:00:00,3,2,5,80.0,5.0,0,0,0,0,clear,0,0,0,4.1
j002,2026-08-13 02:00:00,3,2,14,71.2,16.4,0,0,1,0,rain,0,0,0,13.7
j003,2026-08-13 02:00:00,3,2,21,64.0,17.4,0,3,2,0,clear,0,0,2,4.7
j004,2026-08-13 02:00:00,3,2,39,45.8,44.9,0,1,4,0,clear,0,0,0,14.9
j005,2026-08-13 02:00:00,3,2,49,46.1,40.0,0,3,5,0,clear,0,0,0,18.9
j006,2026-08-13 02:00:00,3,2,5,74.8,5.3,0,2,0,0,clear,0,0,1,10.8
j007,2026-08-13 02:00:00,3,2,19,60.1,17.7,0,1,2,0,clear,0,0,1,5.8
j008,2026-08-13 02:00:00,3,2,25,59.3,22.3,0,1,2,0,clear,0,0,1,10.0
j009,2026-08-13 02:00:00,3,2,34,52.6,33.2,0,2,3,1,clear,0,0,0,19.1
j010,2026-08-13 02:00:00,3,2,41,49.9,46.8,0,3,2,0,rain,0,0,1,10.2
j011,2026-08-13 02:00:00,3,2,8,80.0,6.8,0,1,1,0,clear,0,0,1,1.6
j012,2026-08-13 02:00:00,3,2,14,80.0,12.0,0,1,1,0,clear,0,0,0,6.1
j013,2026-08-13 02:00:00,3,2,30,58.8,26.5,0,1,5,0,clear,0,0,1,0.0
j014,2026-08-13 02:00:00,3,2,33,66.5,26.9,0,3,4,0,clear,0,0,0,3.6
j015,2026-08-13 02:00:00,3,2,43,47.3,36.0,0,3,3,0,clear,0,0,3,2.2
j016,2026-08-13 02:00:00,3,2,6,73.9,7.1,0,0,0,0,clear,0,0,0,0.8
j017,2026-08-13 02:00:00,3,2,12,80.0,13.0,0,0,0,0,fog,0,0,0,8.7
j018,2026-08-13 02:00:00,3,2,21,56.5,24.1,0,1,5,0,clear,0,0,2,11.3
j001,2026-08-13 03:00:00,3,3,5,74.9,5.9,0,1,1,0,clear,0,0,0,8.8
j002,2026-08-13 03:00:00,3,3,20,58.6,20.0,0,1,1,0,clear,0,0,2,1.2
j003,2026-08-13 03:00:00,3,3,30,63.7,27.9,0,1,3,0,clear,0,0,2,0.0
j004,2026-08-13 03:00:00,3,3,40,53.7,42.5,0,3,4,0,fog,0,0,4,13.5
j005,2026-08-13 03:00:00,3,3,42,56.2,40.7,0,4,0,0,clear,0,0,0,14.7
j006,2026-08-13 03:00:00,3,3,5,80.0,5.1,0,0,1,0,clear,0,0,2,0.0
j007,2026-08-13 03:00:00,3,3,14,75.9,12.3,0,0,1,0,clear,0,0,3,0.0
j008,2026-08-13 03:00:00,3,3,25,64.0,24.6,0,0,1,0,clear,0,0,0,4.4
j009,2026-08-13 03:00:00,3,3,31,55.3,31.9,0,0,1,0,clear,1,1,0,21.5
j010,2026-08-13 03:00:00,3,3,49,50.7,40.4,0,4,6,0,rain,0,0,1,21.6
j011,2026-08-13 03:00:00,3,3,8,76.6,8.6,0,1,1,0,clear,0,0,2,0.0
j012,2026-08-13 03:00:00,3,3,19,66.6,20.2,0,1,1,0,clear,0,0,2,0.0
j013,2026-08-13 03:00:00,3,3,30,54.0,33.7,0,0,1,0,clear,0,0,0,9.5
j014,2026-08-13 03:00:00,3,3,32,59.8,28.5,0,1,4,0,clear,0,0,1,6.0
j015,2026-08-13 03:00:00,3,3,48,34.9,54.9,0,2,3,0,clear,0,0,1,22.5
j016,2026-08-13 03:00:00,3,3,8,80.0,8.6,0,1,1,0,clear,0,0,0,2.4
j017,2026-08-13 03:00:00,3,3,12,78.3,11.4,0,0,1,0,rain,0,0,0,11.5
j018,2026-08-13 03:00:00,3,3,24,65.9,19.2,0,0,0,0,clear,0,0,1,4.4
j001,2026-08-13 04:00:00,3,4,8,80.0,8.3,0,0,0,0,clear,0,0,2,0.0
j002,2026-08-13 04:00:00,3,4,13,70.8,11.2,0,1,3,0,fog,0,0,0,2.4
j003,2026-08-13 04:00:00,3,4,25,56.1,26.1,0,1,2,0,clear,0,0,0,7.3
j004,2026-08-13 04:00:00,3,4,36,58.0,40.5,0,0,3,0,rain,0,0,0,20.1
j005,2026-08-13 04:00:00,3,4,43,42.8,50.0,0,2,4,0,clear,0,0,0,15.6
j006,2026-08-13 04:00:00,3,4,7,72.1,7.9,0,1,0,0,clear,0,0,2,0.0
j007,2026-08-13 04:00:00,3,4,16,68.4,14.7,0,1,2,0,clear,0,0,2,0.0
j008,2026-08-13 04:00:00,3,4,24,62.8,20.0,0,1,0,0,clear,0,0,1,8.7
j009,2026-08-13 04:00:00,3,4,38,50.9,43.0,0,3,4,0,clear,0,0,0,21.0
j010,2026-08-13 04:00:00,3,4,49,34.0,54.9,0,3,5,0,clear,0,0,1,12.9
j011,2026-08-13 04:00:00,3,4,5,70.0,4.2,0,1,0,0,clear,0,0,0,3.3
j012,2026-08-13 04:00:00,3,4,11,73.5,12.4,0,0,1,0,clear,0,0,2,0.0
j013,2026-08-13 04:00:00,3,4,22,55.2,23.8,0,2,3,0,clear,0,0,0,16.7
j014,2026-08-13 04:00:00,3,4,36,56.2,37.8,0,2,2,0,clear,0,0,1,9.8
j015,2026-08-13 04:00:00,3,4,42,54.2,41.8,0,2,4,0,fog,0,0,3,11.5
j016,2026-08-13 04:00:00,3,4,8,76.2,7.5,0,0,0,1,clear,0,0,1,0.0
j017,2026-08-13 04:00:00,3,4,15,67.1,12.2,0,2,2,0,clear,0,0,1,0.0
j018,2026-08-13 04:00:00,3,4,24,63.2,22.6,0,2,2,0,clear,1,0,3,16.6
j001,2026-08-13 05:00:00,3,5,8,74.3,8.9,0,0,2,0,clear,0,0,3,0.0
j002,2026-08-13 05:00:00,3,5,20,63.9,16.5,0,1,1,0,clear,0,0,3,0.0
j003,2026-08-13 05:00:00,3,5,25,54.0,29.1,0,1,4,0,clear,0,0,0,9.1
j004,2026-08-13 05:00:00,3,5,35,50.5,32.8,0,1,4,0,clear,0,0,0,15.1
j005,2026-08-13 05:00:00,3,5,47,42.7,40.1,0,3,3,0,fog,0,0,1,23.3
j006,2026-08-13 05:00:00,3,5,5,78.1,4.4,0,1,0,0,fog,0,0,1,5.7
j007,2026-08-13 05:00:00,3,5,11,72.5,10.0,0,0,0,0,clear,0,0,1,3.7
j008,2026-08-13 05:00:00,3,5,25,57.4,27.9,0,1,1,0,clear,0,0,0,3.2
j009,2026-08-13 05:00:00,3,5,33,52.7,33.9,0,4,1,0,rain,0,0,2,11.8
j010,2026-08-13 05:00:00,3,5,50,50.4,41.7,0,3,2,0,clear,0,0,1,14.7
j011,2026-08-13 05:00:00,3,5,10,77.5,11.1,0,1,1,0,clear,0,0,1,4.1
j012,2026-08-13 05:00:00,3,5,18,76.0,15.6,0,0,0,0,fog,1,0,0,16.2
j013,2026-08-13 05:00:00,3,5,28,60.1,29.8,0,4,0,0,clear,0,1,0,16.7
j014,2026-08-13 05:00:00,3,5,36,57.3,39.2,0,2,1,0,clear,0,0,5,0.0
j015,2026-08-13 05:00:00,3,5,47,53.1,40.1,0,2,3,0,clear,0,0,0,16.5
j016,2026-08-13 05:00:00,3,5,5,78.1,5.8,0,0,1,0,clear,0,0,1,0.0
j017,2026-08-13 05:00:00,3,5,11,68.9,9.1,0,0,0,0,clear,0,0,2,0.0
j018,2026-08-13 05:00:00,3,5,27,67.3,23.2,0,1,1,0,clear,0,0,1,4.4
j001,2026-08-13 06:00:00,3,6,44,45.8,49.8,0,1,4,0,clear,0,0,1,23.6
j002,2026-08-13 06:00:00,3,6,42,48.7,48.9,0,2,1,0,clear,0,0,2,10.3
j003,2026-08-13 06:00:00,3,6,40,37.4,44.5,0,1,3,0,clear,0,0,0,15.7
j004,2026-08-13 06:00:00,3,6,51,39.4,53.9,0,0,2,1,clear,0,0,0,22.4
j005,2026-08-13 06:00:00,3,6,65,26.3,75.5,0,4,4,0,clear,0,0,0,23.9
j006,2026-08-13 06:00:00,3,6,37,57.4,39.6,0,1,0,0,clear,0,0,1,5.6
j007,2026-08-13 06:00:00,3,6,42,53.0,33.8,0,2,1,0,clear,0,0,1,7.0
j008,2026-08-13 06:00:00,3,6,59,39.6,55.4,0,2,4,0,clear,0,0,1,18.7
j009,2026-08-13 06:00:00,3,6,70,27.1,65.7,0,6,1,0,clear,0,0,2,20.2
j010,2026-08-13 06:00:00,3,6,70,36.9,57.7,0,6,0,0,clear,0,0,2,15.9
j011,2026-08-13 06:00:00,3,6,36,62.2,29.3,0,1,2,0,clear,0,0,1,0.0
j012,2026-08-13 06:00:00,3,6,41,57.9,47.3,0,0,2,0,clear,0,0,1,10.3
j013,2026-08-13 06:00:00,3,6,51,34.4,61.1,0,2,4,0,clear,0,0,2,8.8
j014,2026-08-13 06:00:00,3,6,65,30.0,72.6,0,5,6,0,clear,0,0,0,35.6
j015,2026-08-13 06:00:00,3,6,89,12.5,100.0,0,1,7,0,clear,0,0,1,16.0
j016,2026-08-13 06:00:00,3,6,36,45.1,41.2,0,2,3,0,clear,0,0,1,5.4
j017,2026-08-13 06:00:00,3,6,35,52.5,37.0,0,1,1,0,clear,0,0,0,4.7
j018,2026-08-13 06:00:00,3,6,62,40.6,50.2,0,0,2,0,clear,0,0,1,16.0
j001,2026-08-13 07:00:00,3,7,48,49.5,47.7,0,0,3,0,clear,0,0,0,9.3
j002,2026-08-13 07:00:00,3,7,34,57.8,40.6,0,2,2,0,clear,0,0,0,14.8
j003,2026-08-13 07:00:00,3,7,49,45.9,52.4,0,2,3,0,clear,0,0,0,6.8
j004,2026-08-13 07:00:00,3,7,72,27.4,69.7,0,2,8,0,clear,0,0,1,17.9
j005,2026-08-13 07:00:00,3,7,72,37.9,62.2,0,6,6,0,clear,0,0,2,24.3
j006,2026-08-13 07:00:00,3,7,42,53.0,38.1,0,3,2,0,clear,0,0,2,5.5
j007,2026-08-13 07:00:00,3,7,45,39.3,50.4,0,4,1,0,clear,0,0,1,15.1
j008,2026-08-13 07:00:00,3,7,61,17.4,72.3,0,2,6,0,clear,0,0,0,24.3
j009,2026-08-13 07:00:00,3,7,51,36.5,55.0,0,4,4,0,clear,0,0,2,14.4
j010,2026-08-13 07:00:00,3,7,70,17.9,83.1,0,3,5,0,clear,0,0,0,34.7
j011,2026-08-13 07:00:00,3,7,22,60.4,25.5,0,0,3,0,clear,0,0,2,0.3
j012,2026-08-13 07:00:00,3,7,51,56.6,43.1,0,2,5,0,clear,0,0,0,17.5
j013,2026-08-13 07:00:00,3,7,61,29.3,67.3,0,2,4,0,clear,0,0,1,15.2
j014,2026-08-13 07:00:00,3,7,74,34.7,77.5,0,7,10,0,clear,0,0,1,29.4
j015,2026-08-13 07:00:00,3,7,74,26.2,72.7,0,3,3,0,clear,0,0,0,27.2
j016,2026-08-13 07:00:00,3,7,40,56.9,39.2,0,2,3,0,clear,0,0,3,4.5
j017,2026-08-13 07:00:00,3,7,48,38.4,53.8,0,4,6,0,clear,0,0,0,14.8
j018,2026-08-13 07:00:00,3,7,42,52.6,42.6,0,1,2,0,clear,0,0,0,11.3
j001,2026-08-13 08:00:00,3,8,78,19.0,100.0,0,5,13,0,rain,0,0,0,38.6
j002,2026-08-13 08:00:00,3,8,88,5.0,100.0,0,4,6,0,clear,0,0,0,33.7
j003,2026-08-13 08:00:00,3,8,97,15.8,100.0,0,3,7,0,clear,0,0,0,30.7
j004,2026-08-13 08:00:00,3,8,90,12.7,100.0,0,4,5,0,clear,0,0,0,28.3
j005,2026-08-13 08:00:00,3,8,100,9.1,100.0,0,6,4,0,clear,0,0,0,30.0
j006,2026-08-13 08:00:00,3,8,78,10.2,100.0,0,6,4,0,fog,0,0,0,32.8
j007,2026-08-13 08:00:00,3,8,70,14.4,85.5,0,2,5,0,clear,0,0,2,20.5
j008,2026-08-13 08:00:00,3,8,98,6.9,100.0,0,5,6,0,clear,0,0,0,39.1
j009,2026-08-13 08:00:00,3,8,94,8.2,100.0,0,5,6,0,clear,0,0,2,16.0
j010,2026-08-13 08:00:00,3,8,100,14.8,100.0,0,4,8,0,clear,1,0,2,27.8
j011,2026-08-13 08:00:00,3,8,63,26.1,83.4,0,5,7,0,clear,0,0,0,33.8
j012,2026-08-13 08:00:00,3,8,79,13.5,94.5,0,6,7,0,clear,0,0,1,26.6
j013,2026-08-13 08:00:00,3,8,84,7.0,97.8,0,8,6,0,clear,0,0,0,30.8
j014,2026-08-13 08:00:00,3,8,100,16.1,100.0,0,6,8,0,clear,0,0,1,36.3
j015,2026-08-13 08:00:00,3,8,100,12.4,100.0,0,11,7,0,clear,0,0,0,38.3
j016,2026-08-13 08:00:00,3,8,60,27.9,69.2,0,1,6,0,clear,0,0,0,18.7
j017,2026-08-13 08:00:00,3,8,73,23.9,79.2,0,4,5,0,clear,0,0,0,19.5
j018,2026-08-13 08:00:00,3,8,99,11.5,100.0,0,6,10,0,clear,0,0,0,41.7
j001,2026-08-13 09:00:00,3,9,66,24.6,79.7,0,2,5,0,rain,0,0,1,14.2
j002,2026-08-13 09:00:00,3,9,81,11.4,89.8,0,3,6,0,clear,1,0,1,37.9
j003,2026-08-13 09:00:00,3,9,93,5.7,100.0,0,6,7,0,clear,0,0,1,32.6
j004,2026-08-13 09:00:00,3,9,100,8.8,100.0,0,7,12,0,clear,0,0,0,37.9
j005,2026-08-13 09:00:00,3,9,100,7.2,100.0,0,2,2,0,clear,0,0,0,28.6
j006,2026-08-13 09:00:00,3,9,76,8.0,100.0,0,3,4,0,clear,0,0,0,24.9
j007,2026-08-13 09:00:00,3,9,81,11.4,100.0,0,5,6,0,clear,0,0,1,19.1
j008,2026-08-13 09:00:00,3,9,90,13.4,100.0,0,6,7,0,rain,0,0,1,41.4
j009,2026-08-13 09:00:00,3,9,91,9.8,100.0,0,3,7,0,clear,0,0,0,32.1
j010,2026-08-13 09:00:00,3,9,100,7.0,100.0,0,2,11,0,rain,0,0,1,36.2
j011,2026-08-13 09:00:00,3,9,73,7.5,100.0,1,6,6,0,clear,0,0,1,33.5
j012,2026-08-13 09:00:00,3,9,80,5.0,100.0,0,3,5,0,clear,0,0,1,32.8
j013,2026-08-13 09:00:00,3,9,94,11.5,95.5,0,5,7,0,clear,0,0,3,33.3
j014,2026-08-13 09:00:00,3,9,95,11.4,100.0,0,6,7,0,clear,0,0,1,35.8
j015,2026-08-13 09:00:00,3,9,100,5.0,100.0,0,0,10,0,clear,0,0,0,34.5
j016,2026-08-13 09:00:00,3,9,75,37.4,76.2,0,6,3,0,clear,0,0,1,17.3
j017,2026-08-13 09:00:00,3,9,85,7.7,100.0,0,4,9,0,clear,0,0,2,25.7
j018,2026-08-13 09:00:00,3,9,84,6.7,97.2,0,1,6,0,clear,0,0,0,30.3
j001,2026-08-13 10:00:00,3,10,40,52.0,47.4,0,1,2,0,clear,0,0,1,17.1
j002,2026-08-13 10:00:00,3,10,32,68.3,30.0,0,4,0,0,rain,0,0,1,15.7
j003,2026-08-13 10:00:00,3,10,45,53.2,41.0,0,2,4,0,clear,0,0,1,15.2
j004,2026-08-13 10:00:00,3,10,65,37.5,68.5,0,2,6,0,clear,0,0,1,10.1
j005,2026-08-13 10:00:00,3,10,69,27.6,68.9,0,6,4,0,rain,0,0,0,27.8
j006,2026-08-13 10:00:00,3,10,46,52.5,41.4,0,5,2,0,clear,0,0,1,2.7
j007,2026-08-13 10:00:00,3,10,37,54.6,30.1,0,2,2,0,clear,0,0,0,14.7
j008,2026-08-13 10:00:00,3,10,41,48.7,33.9,0,2,6,0,clear,0,0,0,26.3
j009,2026-08-13 10:00:00,3,10,75,11.6,86.3,0,0,8,0,clear,0,0,1,15.1
j010,2026-08-13 10:00:00,3,10,82,13.8,83.3,0,2,4,0,clear,0,0,2,17.3
j011,2026-08-13 10:00:00,3,10,49,43.2,48.3,0,2,4,0,clear,0,0,0,21.6
j012,2026-08-13 10:00:00,3,10,31,56.4,30.4,0,2,1,0,clear,0,0,3,8.3
j013,2026-08-13 10:00:00,3,10,48,44.1,52.8,0,4,3,0,clear,0,0,0,16.8
j014,2026-08-13 10:00:00,3,10,54,41.1,57.9,0,4,7,1,clear,0,0,2,15.5
j015,2026-08-13 10:00:00,3,10,70,19.3,67.0,0,6,3,0,clear,0,0,0,18.4
j016,2026-08-13 10:00:00,3,10,34,48.5,38.3,0,1,2,0,clear,0,0,2,14.5
j017,2026-08-13 10:00:00,3,10,35,60.3,28.2,0,2,1,0,clear,0,0,4,0.0
j018,2026-08-13 10:00:00,3,10,55,35.1,55.5,0,3,5,0,clear,0,0,2,20.3
j001,2026-08-13 11:00:00,3,11,43,46.1,48.5,0,2,5,0,clear,0,0,1,22.4
j002,2026-08-13 11:00:00,3,11,52,41.5,60.3,0,2,7,0,clear,0,0,1,11.4
j003,2026-08-13 11:00:00,3,11,65,26.5,69.0,0,2,8,0,clear,0,0,3,21.5
j004,2026-08-13 11:00:00,3,11,72,40.0,65.9,0,4,2,0,fog,0,0,0,19.4
j005,2026-08-13 11:00:00,3,11,77,19.0,77.5,0,3,5,0,clear,0,0,0,28.2
j006,2026-08-13 11:00:00,3,11,35,49.1,36.4,0,0,1,0,clear,0,0,1,13.8
j007,2026-08-13 11:00:00,3,11,55,44.0,59.2,0,4,1,0,rain,0,0,0,16.7
j008,2026-08-13 11:00:00,3,11,53,31.0,60.6,0,3,4,0,clear,0,0,1,26.8
j009,2026-08-13 11:00:00,3,11,77,40.6,65.1,0,4,5,0,clear,0,0,0,17.4
j010,2026-08-13 11:00:00,3,11,80,11.0,90.0,0,7,6,0,clear,0,0,3,29.4
j011,2026-08-13 11:00:00,3,11,26,63.3,29.4,0,0,3,0,clear,0,0,0,14.1
j012,2026-08-13 11:00:00,3,11,42,50.7,49.4,0,5,4,0,clear,0,0,1,2.1
j013,2026-08-13 11:00:00,3,11,57,39.7,64.3,1,1,3,0,clear,0,0,1,18.7
j014,2026-08-13 11:00:00,3,11,68,36.0,63.5,0,4,8,0,clear,0,0,2,22.1
j015,2026-08-13 11:00:00,3,11,72,16.4,85.4,0,5,3,0,clear,0,0,1,21.7
j016,2026-08-13 11:00:00,3,11,36,53.1,41.8,0,0,3,0,clear,0,0,1,6.9
j017,2026-08-13 11:00:00,3,11,35,48.0,39.6,0,3,3,0,clear,0,0,3,0.0
j018,2026-08-13 11:00:00,3,11,56,50.3,50.6,0,4,6,0,clear,0,0,2,15.1
j001,2026-08-13 12:00:00,3,12,47,48.8,41.2,0,2,2,0,clear,0,0,1,4.7
j002,2026-08-13 12:00:00,3,12,45,42.5,48.1,0,5,5,0,clear,0,0,1,17.5
j003,2026-08-13 12:00:00,3,12,62,42.3,62.5,0,0,2,0,clear,0,0,1,16.1
j004,2026-08-13 12:00:00,3,12,70,39.1,58.1,0,4,4,0,clear,0,0,2,2.5
j005,2026-08-13 12:00:00,3,12,70,35.1,63.6,0,11,1,0,clear,0,0,0,25.6
j006,2026-08-13 12:00:00,3,12,27,56.0,23.6,0,2,1,0,clear,0,0,1,0.0
j007,2026-08-13 12:00:00,3,12,35,59.0,33.9,0,2,1,0,clear,0,0,0,11.7
j008,2026-08-13 12:00:00,3,12,66,30.1,65.9,0,1,2,0,clear,0,0,0,11.7
j009,2026-08-13 12:00:00,3,12,71,30.3,57.3,0,3,2,0,clear,0,0,3,5.3
j010,2026-08-13 12:00:00,3,12,89,15.7,85.6,0,6,8,0,clear,0,0,0,28.6
j011,2026-08-13 12:00:00,3,12,26,62.1,26.5,0,2,2,0,clear,0,0,1,7.2
j012,2026-08-13 12:00:00,3,12,48,44.1,56.1,0,3,5,0,clear,0,0,0,19.1
j013,2026-08-13 12:00:00,3,12,49,49.5,46.2,0,3,4,0,clear,0,0,1,14.5
j014,2026-08-13 12:00:00,3,12,54,43.5,49.5,0,3,2,0,clear,0,0,1,5.9
j015,2026-08-13 12:00:00,3,12,80,29.4,80.4,0,3,8,0,clear,0,0,1,26.7
j016,2026-08-13 12:00:00,3,12,25,66.7,27.2,0,0,3,0,clear,0,0,0,6.6
j017,2026-08-13 12:00:00,3,12,30,66.1,24.8,0,1,0,0,clear,0,0,4,0.0
j018,2026-08-13 12:00:00,3,12,49,42.7,45.8,0,6,2,0,clear,0,0,1,16.4
j001,2026-08-13 13:00:00,3,13,22,57.2,24.6,0,1,1,0,clear,0,0,0,1.9
j002,2026-08-13 13:00:00,3,13,54,49.0,51.9,0,3,6,0,rain,0,0,0,21.3
j003,2026-08-13 13:00:00,3,13,63,33.4,64.8,0,5,5,0,clear,0,0,1,19.0
j004,2026-08-13 13:00:00,3,13,73,31.3,68.0,0,5,4,0,rain,0,0,2,23.0
j005,2026-08-13 13:00:00,3,13,85,32.6,69.6,0,7,6,0,clear,0,0,1,24.9
j006,2026-08-13 13:00:00,3,13,33,52.2,30.4,0,1,2,0,clear,0,0,0,12.3
j007,2026-08-13 13:00:00,3,13,33,52.7,34.6,0,2,3,0,clear,0,0,2,5.4
j008,2026-08-13 13:00:00,3,13,49,45.6,44.2,0,2,2,0,clear,0,1,1,15.5
j009,2026-08-13 13:00:00,3,13,59,27.3,60.7,0,2,5,0,clear,1,0,1,21.2
j010,2026-08-13 13:00:00,3,13,66,37.9,68.8,0,4,5,0,clear,1,0,0,29.0
j011,2026-08-13 13:00:00,3,13,29,57.9,26.5,0,1,1,0,clear,0,0,1,0.0
j012,2026-08-13 13:00:00,3,13,37,61.6,34.5,0,1,2,0,clear,0,0,2,0.0
j013,2026-08-13 13:00:00,3,13,54,49.8,52.2,0,2,4,0,clear,0,0,0,16.3
j014,2026-08-13 13:00:00,3,13,71,31.3,65.9,0,8,3,0,fog,0,0,1,18.8
j015,2026-08-13 13:00:00,3,13,70,13.3,81.9,0,4,7,0,clear,1,0,0,33.6
j016,2026-08-13 13:00:00,3,13,44,47.1,48.6,0,2,3,0,clear,0,0,0,25.5
j017,2026-08-13 13:00:00,3,13,56,38.2,52.8,0,5,8,0,rain,0,0,0,23.7
j018,2026-08-13 13:00:00,3,13,51,50.2,42.2,0,0,2,0,fog,0,0,2,9.0
j001,2026-08-13 14:00:00,3,14,34,55.6,38.4,0,1,2,0,rain,0,0,1,14.1
j002,2026-08-13 14:00:00,3,14,54,44.4,56.6,0,2,7,0,clear,0,0,3,10.9
j003,2026-08-13 14:00:00,3,14,53,47.5,53.0,0,1,4,0,clear,0,0,0,20.9
j004,2026-08-13 14:00:00,3,14,77,11.0,92.3,0,5,9,0,clear,0,0,0,44.8
j005,2026-08-13 14:00:00,3,14,66,46.4,54.8,0,2,2,0,rain,0,1,0,19.1
j006,2026-08-13 14:00:00,3,14,31,59.1,27.6,0,1,3,0,clear,0,0,1,10.5
j007,2026-08-13 14:00:00,3,14,35,58.5,36.9,0,2,1,0,clear,0,0,1,10.0
j008,2026-08-13 14:00:00,3,14,47,49.1,40.4,0,0,2,0,clear,0,0,2,5.2
j009,2026-08-13 14:00:00,3,14,68,27.5,73.9,0,2,12,0,clear,0,0,1,25.4
j010,2026-08-13 14:00:00,3,14,75,24.3,78.1,0,1,10,0,clear,0,0,2,26.2
j011,2026-08-13 14:00:00,3,14,36,51.4,41.5,0,3,2,0,clear,0,0,0,7.1
j012,2026-08-13 14:00:00,3,14,46,44.2,48.8,0,3,2,0,clear,0,0,0,15.2
j013,2026-08-13 14:00:00,3,14,50,42.5,44.1,0,2,5,0,clear,0,0,0,13.9
j014,2026-08-13 14:00:00,3,14,65,42.3,56.8,0,4,12,0,clear,0,0,1,21.3
j015,2026-08-13 14:00:00,3,14,68,32.6,81.0,0,3,7,0,clear,0,0,0,37.0
j016,2026-08-13 14:00:00,3,14,34,58.5,32.9,0,2,3,0,clear,1,0,1,5.6
j017,2026-08-13 14:00:00,3,14,38,57.0,32.1,0,5,0,0,clear,0,0,2,4.1
j018,2026-08-13 14:00:00,3,14,55,40.7,62.9,0,1,6,0,rain,0,0,5,13.1
j001,2026-08-13 15:00:00,3,15,47,46.0,44.1,0,3,3,0,clear,0,0,0,17.7
j002,2026-08-13 15:00:00,3,15,34,50.1,39.5,1,3,2,0,clear,0,0,2,9.2
j003,2026-08-13 15:00:00,3,15,50,42.0,59.5,0,2,3,0,clear,0,0,2,9.4
j004,2026-08-13 15:00:00,3,15,73,38.3,58.4,0,3,1,0,clear,0,0,0,25.2
j005,2026-08-13 15:00:00,3,15,88,31.5,70.7,0,3,3,0,clear,0,0,0,15.1
j006,2026-08-13 15:00:00,3,15,31,51.1,34.0,0,3,1,0,clear,0,0,1,8.5
j007,2026-08-13 15:00:00,3,15,53,37.1,61.6,0,2,5,0,clear,0,0,2,14.5
j008,2026-08-13 15:00:00,3,15,45,54.4,38.9,0,3,4,0,clear,0,0,0,20.0
j009,2026-08-13 15:00:00,3,15,72,28.9,76.5,0,1,2,0,clear,0,0,0,24.0
j010,2026-08-13 15:00:00,3,15,76,33.2,79.8,0,3,6,0,fog,0,0,0,36.0
j011,2026-08-13 15:00:00,3,15,38,54.3,42.3,0,2,1,0,clear,0,0,0,7.4
j012,2026-08-13 15:00:00,3,15,37,47.3,43.1,0,0,1,0,clear,0,0,1,5.1
j013,2026-08-13 15:00:00,3,15,50,44.1,41.5,0,2,0,0,clear,0,0,1,12.2
j014,2026-08-13 15:00:00,3,15,71,30.6,73.0,0,2,5,0,clear,0,0,1,20.2
j015,2026-08-13 15:00:00,3,15,71,22.4,74.8,1,2,3,0,rain,0,0,1,32.9
j016,2026-08-13 15:00:00,3,15,40,45.7,39.6,0,1,3,0,clear,0,0,2,5.6
j017,2026-08-13 15:00:00,3,15,50,51.6,43.8,0,3,4,0,clear,0,0,1,13.1
j018,2026-08-13 15:00:00,3,15,57,33.9,57.4,0,1,4,0,clear,0,0,3,3.7
j001,2026-08-13 16:00:00,3,16,32,57.6,26.6,0,1,5,0,clear,0,0,2,10.1
j002,2026-08-13 16:00:00,3,16,55,36.6,56.6,0,2,6,0,rain,0,0,1,30.0
j003,2026-08-13 16:00:00,3,16,50,45.5,49.5,0,3,2,0,clear,0,0,2,9.4
j004,2026-08-13 16:00:00,3,16,62,45.0,57.1,0,5,6,0,clear,0,0,2,21.1
j005,2026-08-13 16:00:00,3,16,84,6.0,96.5,1,4,5,0,clear,0,0,0,40.2
j006,2026-08-13 16:00:00,3,16,35,48.3,38.7,0,3,1,0,clear,0,0,2,7.0
j007,2026-08-13 16:00:00,3,16,57,44.3,59.7,0,4,1,0,clear,0,0,1,8.3
j008,2026-08-13 16:00:00,3,16,43,61.2,35.6,0,1,2,0,clear,0,0,0,4.7
j009,2026-08-13 16:00:00,3,16,61,33.2,56.5,0,7,6,0,rain,0,0,0,29.0
j010,2026-08-13 16:00:00,3,16,65,45.1,52.8,0,3,3,0,clear,0,0,0,12.0
j011,2026-08-13 16:00:00,3,16,28,69.0,25.1,0,0,0,0,clear,0,0,1,7.0
j012,2026-08-13 16:00:00,3,16,43,44.6,49.8,0,3,3,0,rain,0,0,3,15.3
j013,2026-08-13 16:00:00,3,16,45,55.7,41.0,0,4,2,0,clear,0,0,0,19.8
j014,2026-08-13 16:00:00,3,16,56,53.8,48.1,0,4,2,0,rain,0,0,2,8.6
j015,2026-08-13 16:00:00,3,16,65,25.7,77.6,0,4,4,1,clear,0,0,2,21.4
j016,2026-08-13 16:00:00,3,16,39,43.3,42.7,0,2,3,0,clear,0,0,1,18.7
j017,2026-08-13 16:00:00,3,16,59,42.0,54.1,0,0,2,0,clear,0,0,2,2.5
j018,2026-08-13 16:00:00,3,16,40,53.1,39.2,0,5,2,0,clear,0,0,1,12.2
j001,2026-08-13 17:00:00,3,17,67,33.9,65.6,0,4,7,0,clear,0,0,0,28.5
j002,2026-08-13 17:00:00,3,17,83,16.2,99.1,0,9,8,0,clear,0,0,0,38.8
j003,2026-08-13 17:00:00,3,17,99,6.9,100.0,0,6,6,0,clear,0,0,1,32.5
j004,2026-08-13 17:00:00,3,17,100,8.9,100.0,0,3,5,0,clear,0,0,0,31.9
j005,2026-08-13 17:00:00,3,17,100,13.9,100.0,0,9,6,0,rain,0,0,0,38.5
j006,2026-08-13 17:00:00,3,17,68,10.9,94.7,0,6,4,0,clear,0,0,1,26.4
j007,2026-08-13 17:00:00,3,17,84,9.0,100.0,0,3,8,0,clear,0,0,0,36.1
j008,2026-08-13 17:00:00,3,17,99,16.7,100.0,0,5,3,0,clear,0,0,3,27.6
j009,2026-08-13 17:00:00,3,17,100,7.8,100.0,1,4,3,0,clear,0,0,0,35.0
j010,2026-08-13 17:00:00,3,17,100,13.7,100.0,0,6,11,0,clear,0,0,3,37.5
j011,2026-08-13 17:00:00,3,17,74,14.5,84.8,1,8,7,0,clear,0,0,0,35.5
j012,2026-08-13 17:00:00,3,17,71,39.1,67.1,0,2,3,0,clear,0,0,0,21.1
j013,2026-08-13 17:00:00,3,17,98,15.5,100.0,0,5,6,0,rain,0,0,0,26.6
j014,2026-08-13 17:00:00,3,17,91,11.1,100.0,0,4,7,0,clear,0,0,2,17.9
j015,2026-08-13 17:00:00,3,17,100,6.6,100.0,0,5,10,0,clear,0,0,2,34.7
j016,2026-08-13 17:00:00,3,17,66,8.9,100.0,0,3,5,0,clear,0,0,3,12.6
j017,2026-08-13 17:00:00,3,17,75,5.4,100.0,1,2,9,0,rain,0,0,0,42.8
j018,2026-08-13 17:00:00,3,17,93,11.2,100.0,0,4,6,0,clear,0,0,1,25.5
j001,2026-08-13 18:00:00,3,18,60,21.2,91.6,0,4,3,0,clear,0,0,2,22.0
j002,2026-08-13 18:00:00,3,18,89,9.3,100.0,0,3,6,0,fog,0,0,2,29.9
j003,2026-08-13 18:00:00,3,18,86,6.4,100.0,1,9,6,0,clear,0,0,2,41.8
j004,2026-08-13 18:00:00,3,18,98,10.7,100.0,0,4,2,0,clear,0,0,2,20.8
j005,2026-08-13 18:00:00,3,18,100,8.7,100.0,0,8,9,0,clear,0,0,0,34.1
j006,2026-08-13 18:00:00,3,18,76,25.8,86.5,0,2,2,0,clear,0,0,1,30.8
j007,2026-08-13 18:00:00,3,18,78,9.6,91.3,0,10,5,0,clear,0,0,0,24.8
j008,2026-08-13 18:00:00,3,18,91,6.9,100.0,0,4,6,0,clear,0,0,0,35.4
j009,2026-08-13 18:00:00,3,18,100,6.5,98.1,0,6,5,0,clear,0,0,2,27.7
j010,2026-08-13 18:00:00,3,18,100,5.0,98.8,0,3,5,0,clear,0,0,1,27.3
j011,2026-08-13 18:00:00,3,18,63,13.7,93.1,0,1,5,0,clear,0,0,0,30.6
j012,2026-08-13 18:00:00,3,18,74,20.2,83.7,0,4,5,0,clear,0,0,1,22.3
j013,2026-08-13 18:00:00,3,18,89,17.3,100.0,0,2,7,0,rain,0,0,0,30.6
j014,2026-08-13 18:00:00,3,18,96,12.9,100.0,0,4,8,0,clear,0,0,0,37.2
j015,2026-08-13 18:00:00,3,18,100,10.4,100.0,0,8,12,0,clear,0,0,1,32.2
j016,2026-08-13 18:00:00,3,18,74,5.0,100.0,0,5,4,0,rain,0,0,0,33.7
j017,2026-08-13 18:00:00,3,18,82,13.5,88.4,0,2,6,0,clear,0,0,0,21.2
j018,2026-08-13 18:00:00,3,18,87,23.3,100.0,0,8,5,0,clear,0,0,1,30.4
j001,2026-08-13 19:00:00,3,19,66,23.4,85.1,0,6,3,0,clear,0,0,0,37.5
j002,2026-08-13 19:00:00,3,19,71,18.7,100.0,0,7,9,0,clear,0,0,0,31.1
j003,2026-08-13 19:00:00,3,19,86,12.7,100.0,0,3,6,0,clear,0,0,0,36.9
j004,2026-08-13 19:00:00,3,19,93,13.2,100.0,0,4,4,0,clear,0,0,0,28.2
j005,2026-08-13 19:00:00,3,19,100,9.3,100.0,0,1,5,0,clear,0,0,1,25.7
j006,2026-08-13 19:00:00,3,19,63,12.8,90.9,0,2,4,0,clear,0,0,0,22.1
j007,2026-08-13 19:00:00,3,19,70,25.0,79.8,0,3,6,0,rain,0,0,3,23.5
j008,2026-08-13 19:00:00,3,19,97,5.0,100.0,0,5,9,0,rain,0,0,0,42.5
j009,2026-08-13 19:00:00,3,19,100,8.1,98.2,0,6,9,0,clear,0,0,0,32.1
j010,2026-08-13 19:00:00,3,19,100,11.4,100.0,0,2,6,0,clear,0,0,1,26.8
j011,2026-08-13 19:00:00,3,19,75,12.1,100.0,0,4,6,0,clear,0,0,1,24.4
j012,2026-08-13 19:00:00,3,19,85,7.5,100.0,0,6,5,0,clear,0,0,0,26.2
j013,2026-08-13 19:00:00,3,19,88,8.1,100.0,0,5,6,0,clear,0,0,0,42.4
j014,2026-08-13 19:00:00,3,19,91,6.5,97.4,0,7,3,0,clear,0,0,2,30.7
j015,2026-08-13 19:00:00,3,19,100,15.5,100.0,0,7,9,0,clear,0,0,3,24.5
j016,2026-08-13 19:00:00,3,19,65,30.5,72.7,0,2,5,0,clear,0,0,1,31.7
j017,2026-08-13 19:00:00,3,19,73,22.0,96.2,0,4,3,0,rain,0,0,3,34.9
j018,2026-08-13 19:00:00,3,19,85,10.1,100.0,0,6,6,0,clear,0,0,0,31.1
j001,2026-08-13 20:00:00,3,20,28,58.6,33.0,0,1,1,0,clear,0,0,1,0.0
j002,2026-08-13 20:00:00,3,20,57,51.4,49.3,0,3,4,0,clear,0,0,3,12.3
j003,2026-08-13 20:00:00,3,20,56,36.6,61.4,0,5,4,0,clear,0,0,1,13.2
j004,2026-08-13 20:00:00,3,20,55,46.2,49.4,0,2,2,0,rain,0,0,2,12.6
j005,2026-08-13 20:00:00,3,20,82,15.8,92.8,0,9,11,0,clear,0,0,1,35.0
j006,2026-08-13 20:00:00,3,20,46,47.7,54.0,0,2,5,0,clear,0,0,1,28.3
j007,2026-08-13 20:00:00,3,20,52,41.6,46.0,0,2,3,0,clear,0,0,1,11.4
j008,2026-08-13 20:00:00,3,20,42,54.1,38.9,0,3,2,0,rain,0,0,0,14.1
j009,2026-08-13 20:00:00,3,20,77,29.2,67.6,0,3,6,0,clear,0,0,0,9.5
j010,2026-08-13 20:00:00,3,20,67,27.4,68.4,0,3,4,0,clear,0,0,1,24.4
j011,2026-08-13 20:00:00,3,20,46,47.8,48.8,0,4,5,0,clear,0,0,1,20.3
j012,2026-08-13 20:00:00,3,20,58,35.2,62.4,0,3,5,0,fog,0,0,1,25.1
j013,2026-08-13 20:00:00,3,20,45,37.9,51.1,0,2,2,0,rain,0,0,1,18.4
j014,2026-08-13 20:00:00,3,20,77,26.6,89.0,0,4,4,0,clear,0,0,2,22.3
j015,2026-08-13 20:00:00,3,20,61,40.5,55.1,0,1,4,0,clear,0,0,1,16.0
j016,2026-08-13 20:00:00,3,20,27,64.8,28.1,0,0,1,0,clear,0,0,1,0.0
j017,2026-08-13 20:00:00,3,20,55,41.9,65.9,0,1,5,0,clear,0,0,0,30.2
j018,2026-08-13 20:00:00,3,20,44,46.6,52.2,0,3,1,0,fog,0,0,0,15.1
j001,2026-08-13 21:00:00,3,21,22,60.0,20.8,0,0,0,0,clear,0,0,1,5.5
j002,2026-08-13 21:00:00,3,21,55,42.0,59.6,0,2,4,0,clear,0,0,2,12.0
j003,2026-08-13 21:00:00,3,21,64,42.5,61.5,0,4,6,0,clear,0,0,0,19.3
j004,2026-08-13 21:00:00,3,21,74,27.2,79.6,0,8,3,0,rain,0,0,2,29.0
j005,2026-08-13 21:00:00,3,21,60,47.9,49.1,0,4,4,0,clear,0,0,0,24.3
j006,2026-08-13 21:00:00,3,21,46,51.1,42.6,1,1,4,0,clear,0,0,1,11.8
j007,2026-08-13 21:00:00,3,21,35,51.7,30.0,0,1,1,0,clear,0,0,1,11.4
j008,2026-08-13 21:00:00,3,21,43,51.2,44.5,0,0,2,0,clear,1,0,3,2.1
j009,2026-08-13 21:00:00,3,21,51,40.5,58.2,0,4,3,0,fog,0,0,0,29.4
j010,2026-08-13 21:00:00,3,21,85,22.0,87.7,0,5,4,0,clear,0,0,1,23.0
j011,2026-08-13 21:00:00,3,21,33,46.2,37.3,0,1,3,0,clear,0,0,0,13.2
j012,2026-08-13 21:00:00,3,21,42,45.6,46.5,0,2,0,0,clear,0,0,2,8.5
j013,2026-08-13 21:00:00,3,21,49,52.5,41.4,0,1,6,0,clear,0,0,0,22.0
j014,2026-08-13 21:00:00,3,21,72,36.3,75.7,0,4,3,0,clear,0,0,0,22.2
j015,2026-08-13 21:00:00,3,21,85,9.0,99.2,0,4,2,0,clear,0,0,1,26.7
j016,2026-08-13 21:00:00,3,21,38,46.8,45.0,0,1,7,0,clear,0,0,0,18.0
j017,2026-08-13 21:00:00,3,21,42,42.7,48.6,0,4,5,0,rain,1,0,1,27.1
j018,2026-08-13 21:00:00,3,21,53,41.7,60.5,0,2,3,0,clear,0,0,1,22.2
j001,2026-08-13 22:00:00,3,22,37,55.5,44.3,0,3,1,0,clear,0,1,1,8.7
j002,2026-08-13 22:00:00,3,22,56,38.8,49.5,0,5,2,0,clear,0,0,1,9.1
j003,2026-08-13 22:00:00,3,22,48,46.6,49.9,0,4,4,0,clear,0,0,2,6.9
j004,2026-08-13 22:00:00,3,22,77,28.1,77.3,1,5,4,0,clear,0,0,2,17.9
j005,2026-08-13 22:00:00,3,22,79,30.1,75.6,0,6,8,0,clear,0,0,0,24.1
j006,2026-08-13 22:00:00,3,22,31,55.0,33.1,0,0,1,0,clear,0,0,1,10.3
j007,2026-08-13 22:00:00,3,22,39,55.5,40.4,0,0,6,0,clear,0,0,1,15.1
j008,2026-08-13 22:00:00,3,22,57,28.6,60.1,0,4,6,0,clear,0,0,1,18.0
j009,2026-08-13 22:00:00,3,22,54,37.2,59.2,0,1,4,0,rain,0,0,0,23.8
j010,2026-08-13 22:00:00,3,22,87,32.6,80.0,1,4,4,0,clear,0,0,1,25.7
j011,2026-08-13 22:00:00,3,22,36,52.4,38.0,0,2,0,0,clear,0,0,3,0.0
j012,2026-08-13 22:00:00,3,22,38,48.5,37.9,0,0,1,0,clear,0,0,0,8.4
j013,2026-08-13 22:00:00,3,22,68,48.1,54.7,0,3,4,0,clear,0,0,2,0.0
j014,2026-08-13 22:00:00,3,22,71,33.4,75.1,0,4,4,0,clear,0,0,1,27.2
j015,2026-08-13 22:00:00,3,22,86,6.6,97.5,0,3,3,0,clear,0,0,0,30.7
j016,2026-08-13 22:00:00,3,22,45,41.9,42.0,0,2,3,0,clear,0,0,2,11.1
j017,2026-08-13 22:00:00,3,22,41,49.4,46.9,0,3,2,0,clear,0,0,0,20.6
j018,2026-08-13 22:00:00,3,22,58,42.4,55.3,0,4,4,0,clear,0,0,0,19.0
j001,2026-08-13 23:00:00,3,23,8,72.0,8.6,0,0,1,0,clear,0,0,3,0.0
j002,2026-08-13 23:00:00,3,23,16,70.1,17.5,0,1,1,0,fog,0,0,1,16.1
j003,2026-08-13 23:00:00,3,23,26,57.9,25.2,0,1,3,0,clear,0,0,0,4.0
j004,2026-08-13 23:00:00,3,23,38,49.9,42.3,0,1,4,0,clear,0,0,0,10.8
j005,2026-08-13 23:00:00,3,23,48,35.8,56.8,0,4,8,0,clear,0,0,2,11.2
j006,2026-08-13 23:00:00,3,23,5,75.4,5.4,0,0,0,0,fog,0,0,1,2.3
j007,2026-08-13 23:00:00,3,23,14,66.1,15.9,0,1,0,0,clear,0,0,1,0.0
j008,2026-08-13 23:00:00,3,23,26,69.0,23.6,0,1,3,0,fog,0,0,0,7.5
j009,2026-08-13 23:00:00,3,23,36,50.0,38.5,0,3,4,0,rain,0,0,1,18.8
j010,2026-08-13 23:00:00,3,23,48,52.5,48.0,0,1,3,0,clear,0,0,2,2.0
j011,2026-08-13 23:00:00,3,23,5,77.2,5.1,0,0,0,0,clear,0,0,1,0.0
j012,2026-08-13 23:00:00,3,23,19,65.5,21.7,0,2,1,0,clear,0,0,0,10.8
j013,2026-08-13 23:00:00,3,23,21,61.6,22.1,0,2,3,1,clear,0,0,0,13.3
j014,2026-08-13 23:00:00,3,23,39,54.4,33.5,0,2,5,0,clear,0,0,1,7.8
j015,2026-08-13 23:00:00,3,23,50,42.4,54.6,0,1,3,0,clear,0,0,2,7.3
j016,2026-08-13 23:00:00,3,23,6,72.3,6.5,0,1,0,0,clear,0,0,3,0.0
j017,2026-08-13 23:00:00,3,23,11,66.3,9.2,0,0,1,0,clear,0,0,1,0.0
j018,2026-08-13 23:00:00,3,23,26,57.9,28.5,0,3,0,0,clear,0,0,1,5.7
j001,2026-08-14 00:00:00,4,0,5,75.9,5.8,0,0,3,0,clear,0,0,1,0.0
j002,2026-08-14 00:00:00,4,0,19,60.5,16.5,0,1,1,0,rain,0,0,0,3.2
j003,2026-08-14 00:00:00,4,0,26,62.3,29.3,0,2,1,0,clear,0,0,2,1.5
j004,2026-08-14 00:00:00,4,0,35,61.7,28.3,0,1,1,0,clear,0,0,3,0.0
j005,2026-08-14 00:00:00,4,0,41,51.9,33.3,0,3,3,0,clear,0,0,2,13.7
j006,2026-08-14 00:00:00,4,0,5,75.4,5.4,0,0,0,0,clear,0,0,0,0.0
j007,2026-08-14 00:00:00,4,0,12,68.6,13.0,0,3,1,0,clear,0,0,0,14.9
j008,2026-08-14 00:00:00,4,0,24,56.8,24.5,0,1,1,0,clear,0,0,1,13.5
j009,2026-08-14 00:00:00,4,0,39,53.8,42.9,0,1,2,0,clear,0,0,1,6.9
j010,2026-08-14 00:00:00,4,0,42,46.3,38.1,0,0,2,0,clear,0,0,1,11.4
j011,2026-08-14 00:00:00,4,0,5,80.0,5.7,0,0,1,0,clear,0,0,1,6.0
j012,2026-08-14 00:00:00,4,0,13,72.1,11.0,0,0,1,0,clear,0,0,2,0.0
j013,2026-08-14 00:00:00,4,0,24,55.2,22.7,0,1,2,0,clear,0,0,1,0.8
j014,2026-08-14 00:00:00,4,0,36,50.6,42.1,0,1,3,0,clear,0,0,2,12.3
j015,2026-08-14 00:00:00,4,0,47,40.4,49.4,0,4,3,0,rain,0,0,0,23.1
j016,2026-08-14 00:00:00,4,0,5,69.2,5.7,0,0,0,0,clear,0,0,0,4.4
j017,2026-08-14 00:00:00,4,0,19,78.4,15.6,0,4,1,0,clear,0,0,0,0.5
j018,2026-08-14 00:00:00,4,0,29,62.7,30.1,0,3,1,0,clear,0,0,1,8.2
j001,2026-08-14 01:00:00,4,1,5,69.5,5.6,0,0,0,0,rain,0,0,4,0.0
j002,2026-08-14 01:00:00,4,1,19,74.8,17.4,0,1,0,0,clear,0,0,2,0.0
j003,2026-08-14 01:00:00,4,1,26,61.5,21.0,0,2,4,0,clear,0,0,2,1.2
j004,2026-08-14 01:00:00,4,1,38,49.8,32.9,0,2,3,0,clear,0,0,3,0.0
j005,2026-08-14 01:00:00,4,1,44,48.4,47.3,0,5,2,0,clear,0,0,2,20.2
j006,2026-08-14 01:00:00,4,1,9,72.3,8.8,0,0,2,0,clear,0,0,0,8.7
j007,2026-08-14 01:00:00,4,1,12,65.1,12.2,0,3,1,0,clear,0,0,2,0.0
j008,2026-08-14 01:00:00,4,1,26,49.9,28.4,0,1,1,0,clear,0,0,2,3.7
j009,2026-08-14 01:00:00,4,1,40,49.8,42.3,0,1,4,0,clear,1,0,1,14.0
j010,2026-08-14 01:00:00,4,1,50,51.8,40.3,0,2,2,0,clear,0,0,1,5.6
j011,2026-08-14 01:00:00,4,1,5,77.1,5.3,0,1,0,0,clear,0,0,1,5.4
j012,2026-08-14 01:00:00,4,1,11,65.1,11.4,0,1,0,0,clear,0,0,0,6.5
j013,2026-08-14 01:00:00,4,1,22,68.0,21.5,0,2,1,0,rain,0,0,0,17.4
j014,2026-08-14 01:00:00,4,1,33,63.2,30.8,0,0,2,0,clear,0,0,1,0.0
j015,2026-08-14 01:00:00,4,1,48,52.1,48.2,0,2,2,0,clear,0,0,0,18.3
j016,2026-08-14 01:00:00,4,1,7,76.6,7.7,0,0,0,0,clear,0,0,0,0.8
j017,2026-08-14 01:00:00,4,1,18,79.2,20.9,0,0,1,0,clear,0,0,1,12.4
j018,2026-08-14 01:00:00,4,1,30,64.9,35.7,0,1,2,0,clear,0,0,0,9.1
j001,2026-08-14 02:00:00,4,2,5,80.0,5.5,0,0,0,0,clear,0,0,1,0.0
j002,2026-08-14 02:00:00,4,2,16,68.2,15.5,0,3,0,0,clear,0,0,0,12.8
j003,2026-08-14 02:00:00,4,2,28,65.9,28.5,0,0,1,0,clear,0,0,2,4.2
j004,2026-08-14 02:00:00,4,2,38,57.6,32.2,0,0,2,0,clear,0,0,2,3.4
j005,2026-08-14 02:00:00,4,2,43,47.8,42.1,0,4,2,0,clear,0,0,1,8.4
j006,2026-08-14 02:00:00,4,2,10,68.9,9.7,0,1,2,0,clear,0,0,1,9.0
j007,2026-08-14 02:00:00,4,2,16,60.6,17.1,0,1,1,0,clear,0,0,1,7.0
j008,2026-08-14 02:00:00,4,2,24,68.3,25.3,0,1,3,0,clear,0,0,3,4.6
j009,2026-08-14 02:00:00,4,2,34,60.5,35.6,0,0,1,0,clear,0,0,1,6.6
j010,2026-08-14 02:00:00,4,2,43,52.0,45.9,0,3,6,0,clear,0,0,0,21.7
j011,2026-08-14 02:00:00,4,2,8,70.9,8.3,0,1,0,0,clear,0,0,3,0.0
j012,2026-08-14 02:00:00,4,2,13,74.8,15.1,0,2,1,0,fog,0,0,1,11.1
j013,2026-08-14 02:00:00,4,2,23,65.3,19.6,0,1,0,0,clear,0,0,0,5.7
j014,2026-08-14 02:00:00,4,2,36,48.8,29.9,0,0,1,0,clear,0,0,2,8.4
j015,2026-08-14 02:00:00,4,2,42,48.6,37.7,0,1,5,0,clear,0,0,0,5.9
j016,2026-08-14 02:00:00,4,2,9,72.5,8.2,0,0,1,1,clear,0,0,0,1.7
j017,2026-08-14 02:00:00,4,2,11,76.9,10.7,0,1,0,0,fog,0,0,1,0.0
j018,2026-08-14 02:00:00,4,2,25,62.5,24.5,0,0,0,0,clear,0,0,0,0.0
j001,2026-08-14 03:00:00,4,3,5,72.0,5.1,0,0,1,0,clear,0,0,0,0.0
j002,2026-08-14 03:00:00,4,3,20,64.8,20.9,0,2,1,0,clear,0,0,0,0.0
j003,2026-08-14 03:00:00,4,3,21,67.6,23.3,0,2,0,0,clear,0,0,1,5.1
j004,2026-08-14 03:00:00,4,3,38,59.9,38.8,0,2,3,0,rain,0,0,1,17.4
j005,2026-08-14 03:00:00,4,3,45,44.9,47.2,0,2,2,0,clear,0,0,0,17.4
j006,2026-08-14 03:00:00,4,3,8,75.9,6.7,0,0,0,0,clear,0,0,0,5.9
j007,2026-08-14 03:00:00,4,3,20,64.9,17.0,0,1,3,0,clear,0,0,2,0.0
j008,2026-08-14 03:00:00,4,3,23,71.9,19.4,0,0,0,0,clear,0,0,2,1.7
j009,2026-08-14 03:00:00,4,3,39,57.5,41.9,0,1,1,0,clear,0,0,2,9.1
j010,2026-08-14 03:00:00,4,3,42,43.1,44.7,0,4,1,0,clear,0,0,0,7.3
j011,2026-08-14 03:00:00,4,3,8,70.1,8.4,0,0,0,0,clear,0,0,1,2.1
j012,2026-08-14 03:00:00,4,3,20,72.4,16.6,0,0,0,0,clear,0,0,1,1.7
j013,2026-08-14 03:00:00,4,3,23,57.7,20.6,0,1,0,1,clear,0,0,1,0.0
j014,2026-08-14 03:00:00,4,3,31,55.6,31.1,0,0,0,0,clear,0,0,1,5.8
j015,2026-08-14 03:00:00,4,3,43,51.1,49.8,0,3,4,0,clear,0,0,0,23.3
j016,2026-08-14 03:00:00,4,3,5,74.2,4.2,0,0,0,0,clear,0,0,0,7.7
j017,2026-08-14 03:00:00,4,3,11,75.0,11.5,0,1,0,0,clear,0,0,2,0.0
j018,2026-08-14 03:00:00,4,3,28,52.4,30.3,0,1,1,0,clear,0,0,2,6.7
j001,2026-08-14 04:00:00,4,4,5,75.8,4.4,0,0,0,0,rain,0,0,2,0.2
j002,2026-08-14 04:00:00,4,4,15,65.4,16.3,0,0,1,0,clear,0,0,1,0.0
j003,2026-08-14 04:00:00,4,4,23,73.1,18.8,0,2,1,0,clear,0,0,2,0.0
j004,2026-08-14 04:00:00,4,4,40,42.8,46.6,0,0,4,0,fog,0,0,5,11.9
j005,2026-08-14 04:00:00,4,4,50,29.8,59.6,0,3,3,0,clear,0,0,2,14.1
j006,2026-08-14 04:00:00,4,4,5,80.0,5.3,0,1,0,0,clear,0,0,2,0.0
j007,2026-08-14 04:00:00,4,4,13,67.4,11.3,0,0,1,0,clear,0,0,0,5.7
j008,2026-08-14 04:00:00,4,4,25,61.7,25.2,0,0,1,0,fog,0,0,2,9.5
j009,2026-08-14 04:00:00,4,4,33,61.4,27.6,0,3,3,0,clear,0,0,2,3.3
j010,2026-08-14 04:00:00,4,4,47,54.7,38.8,0,4,6,0,clear,0,0,1,11.7
j011,2026-08-14 04:00:00,4,4,10,76.6,10.3,0,0,1,0,clear,0,0,0,0.0
j012,2026-08-14 04:00:00,4,4,19,63.6,15.7,0,1,2,0,clear,0,0,1,0.0
j013,2026-08-14 04:00:00,4,4,27,64.4,24.4,0,2,1,0,clear,0,0,1,7.0
j014,2026-08-14 04:00:00,4,4,39,52.8,39.3,0,2,2,0,clear,0,0,1,13.4
j015,2026-08-14 04:00:00,4,4,50,46.3,46.5,0,2,5,0,rain,1,0,2,17.1
j016,2026-08-14 04:00:00,4,4,9,72.9,8.6,0,1,0,0,clear,0,0,0,5.0
j017,2026-08-14 04:00:00,4,4,19,65.3,15.7,0,1,2,0,clear,0,0,0,0.0
j018,2026-08-14 04:00:00,4,4,30,59.7,29.0,0,2,4,0,clear,0,0,0,14.2
j001,2026-08-14 05:00:00,4,5,10,80.0,9.4,0,0,0,0,clear,0,0,1,2.6
j002,2026-08-14 05:00:00,4,5,18,74.4,14.5,0,1,0,0,clear,0,0,0,5.8
j003,2026-08-14 05:00:00,4,5,26,56.0,30.7,0,2,2,1,clear,0,0,0,10.7
j004,2026-08-14 05:00:00,4,5,33,61.1,31.8,0,3,2,0,clear,0,0,1,0.0
j005,2026-08-14 05:00:00,4,5,41,52.9,36.7,0,1,1,0,clear,0,0,1,4.9
j006,2026-08-14 05:00:00,4,5,8,71.2,7.5,0,1,0,0,clear,0,0,0,4.5
j007,2026-08-14 05:00:00,4,5,13,70.6,11.7,0,0,1,0,clear,0,0,2,0.0
j008,2026-08-14 05:00:00,4,5,25,54.4,24.9,0,0,4,0,clear,0,0,1,1.4
j009,2026-08-14 05:00:00,4,5,31,60.3,31.8,0,0,4,0,clear,0,0,0,4.0
j010,2026-08-14 05:00:00,4,5,50,39.6,51.4,0,0,3,0,clear,0,0,2,2.7
j011,2026-08-14 05:00:00,4,5,5,74.3,5.1,0,0,0,0,clear,0,0,1,0.0
j012,2026-08-14 05:00:00,4,5,20,70.2,21.9,0,1,1,0,clear,0,0,4,0.0
j013,2026-08-14 05:00:00,4,5,24,55.7,27.9,0,4,2,0,clear,0,0,1,0.0
j014,2026-08-14 05:00:00,4,5,31,57.7,25.6,0,0,1,0,clear,0,0,1,14.0
j015,2026-08-14 05:00:00,4,5,50,41.5,57.3,0,1,4,0,clear,0,0,0,18.1
j016,2026-08-14 05:00:00,4,5,5,74.0,4.5,0,0,0,0,clear,0,0,2,0.0
j017,2026-08-14 05:00:00,4,5,11,76.3,12.0,0,1,1,0,clear,0,0,0,0.3
j018,2026-08-14 05:00:00,4,5,21,60.1,24.9,0,2,6,0,rain,0,0,2,7.4
j001,2026-08-14 06:00:00,4,6,28,61.3,33.4,0,1,0,0,clear,0,0,1,4.4
j002,2026-08-14 06:00:00,4,6,33,58.7,29.6,0,2,2,0,clear,0,0,1,13.8
j003,2026-08-14 06:00:00,4,6,47,41.8,55.5,0,3,8,0,clear,0,0,1,24.6
j004,2026-08-14 06:00:00,4,6,52,45.9,60.0,0,3,2,0,clear,0,0,1,5.8
j005,2026-08-14 06:00:00,4,6,66,30.5,56.9,0,6,8,0,fog,0,0,1,27.2
j006,2026-08-14 06:00:00,4,6,24,70.0,26.9,0,1,1,0,clear,0,0,1,1.5
j007,2026-08-14 06:00:00,4,6,47,55.3,37.8,0,2,0,0,clear,0,0,1,7.4
j008,2026-08-14 06:00:00,4,6,51,48.7,48.1,0,2,5,0,clear,0,0,2,11.6
j009,2026-08-14 06:00:00,4,6,79,11.3,94.4,0,1,6,0,rain,0,0,0,41.0
j010,2026-08-14 06:00:00,4,6,76,30.3,74.0,0,4,5,0,clear,0,0,0,18.8
j011,2026-08-14 06:00:00,4,6,35,52.3,39.5,0,1,4,0,rain,0,0,1,12.5
j012,2026-08-14 06:00:00,4,6,58,29.1,66.3,0,4,6,0,clear,0,0,0,24.2
j013,2026-08-14 06:00:00,4,6,45,47.8,40.4,0,1,4,0,clear,0,0,1,10.5
j014,2026-08-14 06:00:00,4,6,70,26.9,80.8,0,3,4,0,clear,0,0,1,24.1
j015,2026-08-14 06:00:00,4,6,84,11.8,92.8,0,3,10,0,clear,0,0,3,20.8
j016,2026-08-14 06:00:00,4,6,46,57.4,41.2,0,1,3,0,clear,0,0,1,11.1
j017,2026-08-14 06:00:00,4,6,50,45.4,45.9,0,3,4,0,clear,0,0,3,8.5
j018,2026-08-14 06:00:00,4,6,53,44.8,56.2,0,1,2,0,clear,0,0,2,15.9
j001,2026-08-14 07:00:00,4,7,48,48.4,41.6,0,4,1,0,clear,0,0,0,13.3
j002,2026-08-14 07:00:00,4,7,48,43.8,49.7,0,1,2,0,clear,0,0,1,9.7
j003,2026-08-14 07:00:00,4,7,46,54.5,41.0,0,4,0,0,clear,0,0,0,21.8
j004,2026-08-14 07:00:00,4,7,62,35.7,65.3,0,2,3,0,clear,0,0,0,25.1
j005,2026-08-14 07:00:00,4,7,67,30.3,68.6,0,3,5,0,rain,0,0,2,12.2
j006,2026-08-14 07:00:00,4,7,30,51.7,27.3,0,0,1,0,fog,0,0,0,7.0
j007,2026-08-14 07:00:00,4,7,55,50.0,48.6,0,6,3,0,clear,0,0,0,26.1
j008,2026-08-14 07:00:00,4,7,46,42.5,50.6,0,3,4,0,clear,0,0,0,31.2
j009,2026-08-14 07:00:00,4,7,56,30.7,62.1,0,3,3,0,clear,0,0,2,8.5
j010,2026-08-14 07:00:00,4,7,81,39.9,66.8,0,3,4,0,fog,0,0,1,26.8
j011,2026-08-14 07:00:00,4,7,31,60.2,32.9,0,1,2,0,clear,0,0,1,2.6
j012,2026-08-14 07:00:00,4,7,53,30.1,60.5,0,1,4,0,clear,0,0,1,13.1
j013,2026-08-14 07:00:00,4,7,47,47.1,55.3,0,2,5,0,fog,1,0,0,35.0
j014,2026-08-14 07:00:00,4,7,65,36.5,55.6,0,2,1,0,rain,0,0,0,25.4
j015,2026-08-14 07:00:00,4,7,76,41.6,66.7,0,4,6,0,rain,0,0,0,24.3
j016,2026-08-14 07:00:00,4,7,31,59.5,36.8,0,3,1,0,clear,0,0,2,0.0
j017,2026-08-14 07:00:00,4,7,32,57.1,27.2,0,1,1,0,clear,0,0,2,4.1
j018,2026-08-14 07:00:00,4,7,55,50.2,47.5,0,4,7,0,clear,0,0,1,21.5
j001,2026-08-14 08:00:00,4,8,64,19.3,78.5,0,2,3,0,clear,0,0,2,25.7
j002,2026-08-14 08:00:00,4,8,85,5.9,100.0,0,4,6,0,clear,0,0,0,36.6
j003,2026-08-14 08:00:00,4,8,96,8.5,100.0,0,4,6,0,clear,0,0,1,26.8
j004,2026-08-14 08:00:00,4,8,100,5.9,100.0,0,7,8,0,clear,0,0,0,31.1
j005,2026-08-14 08:00:00,4,8,100,6.2,100.0,0,3,4,0,clear,0,0,0,23.5
j006,2026-08-14 08:00:00,4,8,77,7.3,100.0,0,3,6,0,clear,0,0,0,35.0
j007,2026-08-14 08:00:00,4,8,76,5.0,100.0,0,4,7,0,clear,0,0,1,29.4
j008,2026-08-14 08:00:00,4,8,99,17.9,100.0,0,10,4,0,fog,0,0,0,37.2
j009,2026-08-14 08:00:00,4,8,95,8.6,93.9,0,2,4,0,rain,0,0,0,30.7
j010,2026-08-14 08:00:00,4,8,100,13.7,100.0,0,6,7,0,clear,0,0,1,19.8
j011,2026-08-14 08:00:00,4,8,76,19.3,90.2,0,4,4,0,clear,0,0,0,30.2
j012,2026-08-14 08:00:00,4,8,82,13.3,100.0,0,6,4,0,clear,0,0,0,30.5
j013,2026-08-14 08:00:00,4,8,80,7.8,100.0,0,4,7,0,clear,0,0,1,27.4
j014,2026-08-14 08:00:00,4,8,100,14.7,100.0,0,3,3,0,clear,0,0,2,24.3
j015,2026-08-14 08:00:00,4,8,100,17.0,100.0,0,1,7,0,clear,0,0,2,27.8
j016,2026-08-14 08:00:00,4,8,78,22.6,92.2,0,3,6,0,clear,0,0,0,29.5
j017,2026-08-14 08:00:00,4,8,77,24.6,78.0,0,5,3,0,fog,0,0,0,28.9
j018,2026-08-14 08:00:00,4,8,85,7.5,98.0,0,4,4,0,fog,0,0,0,36.0
j001,2026-08-14 09:00:00,4,9,69,17.0,98.9,0,3,3,0,clear,0,0,0,35.6
j002,2026-08-14 09:00:00,4,9,71,23.3,88.8,0,8,4,0,clear,0,0,1,20.7
j003,2026-08-14 09:00:00,4,9,83,15.1,100.0,0,5,9,0,clear,0,0,2,23.6
j004,2026-08-14 09:00:00,4,9,100,10.2,100.0,0,5,6,0,clear,0,0,1,35.3
j005,2026-08-14 09:00:00,4,9,100,14.2,100.0,0,7,5,0,clear,0,0,2,25.9
j006,2026-08-14 09:00:00,4,9,69,37.0,73.0,0,6,2,0,clear,0,0,1,12.7
j007,2026-08-14 09:00:00,4,9,80,11.9,100.0,0,2,5,0,fog,0,0,1,36.3
j008,2026-08-14 09:00:00,4,9,89,14.2,100.0,1,3,6,0,clear,0,0,1,35.8
j009,2026-08-14 09:00:00,4,9,94,14.2,100.0,0,4,8,0,clear,0,0,2,18.5
j010,2026-08-14 09:00:00,4,9,100,13.2,100.0,0,7,3,1,clear,0,0,1,39.6
j011,2026-08-14 09:00:00,4,9,62,22.8,80.8,0,2,5,0,clear,0,1,0,34.7
j012,2026-08-14 09:00:00,4,9,86,7.2,100.0,0,2,8,0,clear,1,0,3,32.2
j013,2026-08-14 09:00:00,4,9,94,7.2,100.0,0,4,7,0,clear,0,0,2,25.6
j014,2026-08-14 09:00:00,4,9,93,5.0,100.0,0,4,7,0,clear,0,0,1,29.7
j015,2026-08-14 09:00:00,4,9,100,14.8,100.0,0,9,5,0,fog,0,0,2,37.2
j016,2026-08-14 09:00:00,4,9,69,17.8,100.0,0,4,7,0,clear,0,0,0,38.4
j017,2026-08-14 09:00:00,4,9,88,5.5,93.6,0,5,9,0,clear,0,0,0,36.9
j018,2026-08-14 09:00:00,4,9,86,15.0,100.0,0,6,10,0,clear,0,0,1,31.1
j001,2026-08-14 10:00:00,4,10,20,65.5,21.6,0,1,3,0,clear,0,0,0,8.8
j002,2026-08-14 10:00:00,4,10,48,50.4,43.5,0,1,3,0,clear,0,0,0,10.3
j003,2026-08-14 10:00:00,4,10,40,44.5,47.8,0,4,4,0,clear,0,0,3,10.2
j004,2026-08-14 10:00:00,4,10,62,34.3,54.1,0,2,4,0,clear,0,0,0,19.4
j005,2026-08-14 10:00:00,4,10,81,32.1,73.3,0,1,7,0,clear,0,0,1,24.0
j006,2026-08-14 10:00:00,4,10,21,68.6,17.7,0,1,3,0,clear,0,0,1,1.7
j007,2026-08-14 10:00:00,4,10,53,46.2,51.3,0,2,1,0,clear,0,0,0,19.2
j008,2026-08-14 10:00:00,4,10,64,27.2,75.6,0,7,2,0,clear,0,0,0,23.2
j009,2026-08-14 10:00:00,4,10,74,34.5,76.1,0,8,5,0,clear,0,0,0,27.1
j010,2026-08-14 10:00:00,4,10,80,28.3,73.2,0,3,3,0,clear,0,0,0,26.9
j011,2026-08-14 10:00:00,4,10,42,54.8,37.3,0,2,0,0,clear,0,0,4,5.4
j012,2026-08-14 10:00:00,4,10,41,43.4,44.3,0,0,2,0,clear,0,0,3,3.2
j013,2026-08-14 10:00:00,4,10,64,30.6,64.1,0,3,7,0,clear,0,1,0,26.2
j014,2026-08-14 10:00:00,4,10,64,28.8,73.4,0,4,6,0,clear,0,0,0,23.3
j015,2026-08-14 10:00:00,4,10,64,28.8,76.4,0,2,8,0,rain,0,0,0,36.4
j016,2026-08-14 10:00:00,4,10,27,64.0,26.0,0,0,0,0,clear,0,0,0,5.0
j017,2026-08-14 10:00:00,4,10,40,53.9,32.3,0,1,1,0,clear,0,1,0,1.1
j018,2026-08-14 10:00:00,4,10,52,28.1,56.6,0,6,3,0,rain,0,0,0,27.7
j001,2026-08-14 11:00:00,4,11,46,49.5,44.3,0,4,2,0,clear,0,0,1,9.7
j002,2026-08-14 11:00:00,4,11,52,52.0,48.6,0,2,3,0,clear,0,0,2,5.8
j003,2026-08-14 11:00:00,4,11,48,47.4,54.7,0,0,1,0,clear,0,0,2,0.0
j004,2026-08-14 11:00:00,4,11,58,30.1,65.9,0,3,6,0,rain,0,0,2,21.7
j005,2026-08-14 11:00:00,4,11,77,33.9,64.9,0,2,6,0,clear,0,0,1,14.0
j006,2026-08-14 11:00:00,4,11,39,48.6,44.3,0,3,1,0,clear,0,0,2,2.1
j007,2026-08-14 11:00:00,4,11,40,62.9,40.1,0,2,2,0,rain,0,0,0,14.3
j008,2026-08-14 11:00:00,4,11,48,49.2,40.8,0,4,4,0,clear,0,0,0,23.0
j009,2026-08-14 11:00:00,4,11,60,26.3,70.8,0,1,6,0,clear,0,0,0,22.1
j010,2026-08-14 11:00:00,4,11,60,41.7,48.1,0,3,3,0,clear,0,0,1,10.2
j011,2026-08-14 11:00:00,4,11,37,54.9,41.3,0,1,0,0,clear,0,0,0,17.5
j012,2026-08-14 11:00:00,4,11,33,61.2,32.6,0,1,2,0,clear,0,0,1,12.6
j013,2026-08-14 11:00:00,4,11,61,45.4,52.4,0,5,5,0,clear,0,0,3,8.8
j014,2026-08-14 11:00:00,4,11,65,40.1,75.1,0,3,9,0,clear,0,0,2,21.1
j015,2026-08-14 11:00:00,4,11,86,17.5,99.9,0,5,9,0,clear,0,1,0,32.1
j016,2026-08-14 11:00:00,4,11,32,61.5,34.1,0,2,3,0,clear,0,0,1,10.6
j017,2026-08-14 11:00:00,4,11,56,39.1,45.5,0,1,0,0,clear,0,0,0,15.9
j018,2026-08-14 11:00:00,4,11,44,51.8,49.5,0,1,1,1,clear,0,0,0,20.1
j001,2026-08-14 12:00:00,4,12,43,54.3,39.2,0,0,4,0,rain,0,0,1,13.3
j002,2026-08-14 12:00:00,4,12,52,45.1,46.7,0,3,2,0,clear,0,0,1,8.5
j003,2026-08-14 12:00:00,4,12,54,43.7,61.2,0,4,4,0,rain,0,0,0,21.3
j004,2026-08-14 12:00:00,4,12,74,24.3,86.0,0,5,3,0,clear,0,0,1,23.6
j005,2026-08-14 12:00:00,4,12,60,26.6,68.9,0,3,6,0,clear,0,0,1,25.7
j006,2026-08-14 12:00:00,4,12,48,43.5,47.9,0,1,3,0,clear,0,0,1,16.0
j007,2026-08-14 12:00:00,4,12,48,48.5,47.2,0,2,5,0,clear,1,0,1,17.6
j008,2026-08-14 12:00:00,4,12,68,37.0,70.0,0,4,0,0,clear,0,0,0,30.3
j009,2026-08-14 12:00:00,4,12,53,29.9,59.8,0,1,2,0,clear,0,0,2,13.2
j010,2026-08-14 12:00:00,4,12,82,28.9,73.6,0,3,4,0,clear,0,0,0,17.3
j011,2026-08-14 12:00:00,4,12,32,64.9,26.8,0,1,2,0,clear,0,0,2,2.1
j012,2026-08-14 12:00:00,4,12,39,50.7,42.0,0,1,2,0,clear,0,0,1,13.0
j013,2026-08-14 12:00:00,4,12,60,40.4,62.1,0,1,3,0,clear,0,0,0,26.1
j014,2026-08-14 12:00:00,4,12,53,39.3,62.1,0,4,6,0,clear,0,0,2,20.5
j015,2026-08-14 12:00:00,4,12,63,21.8,75.0,0,4,2,0,clear,0,0,3,13.9
j016,2026-08-14 12:00:00,4,12,36,56.3,36.8,0,0,2,0,clear,0,0,1,3.3
j017,2026-08-14 12:00:00,4,12,58,35.7,64.0,0,1,4,0,rain,0,0,1,22.3
j018,2026-08-14 12:00:00,4,12,55,36.6,58.3,0,2,4,0,clear,0,0,1,14.9
j001,2026-08-14 13:00:00,4,13,20,67.9,19.8,0,0,0,0,clear,0,0,2,0.0
j002,2026-08-14 13:00:00,4,13,34,51.0,40.2,0,3,3,0,clear,0,0,0,10.7
j003,2026-08-14 13:00:00,4,13,52,33.7,51.6,0,4,0,0,clear,0,0,0,15.2
j004,2026-08-14 13:00:00,4,13,68,24.7,79.9,0,6,5,0,clear,0,0,1,24.9
j005,2026-08-14 13:00:00,4,13,77,20.3,89.5,0,2,8,0,clear,0,0,1,29.1
j006,2026-08-14 13:00:00,4,13,23,72.1,25.0,0,0,3,0,clear,0,0,0,8.5
j007,2026-08-14 13:00:00,4,13,43,49.2,42.5,0,3,3,0,clear,0,0,1,13.0
j008,2026-08-14 13:00:00,4,13,64,35.4,76.5,0,3,5,0,clear,0,0,1,23.3
j009,2026-08-14 13:00:00,4,13,75,26.3,75.1,0,5,9,0,clear,0,0,0,30.8
j010,2026-08-14 13:00:00,4,13,78,23.8,78.5,0,6,3,0,clear,0,0,1,28.2
j011,2026-08-14 13:00:00,4,13,28,54.9,32.5,0,2,4,0,clear,0,0,1,5.0
j012,2026-08-14 13:00:00,4,13,50,49.6,40.6,0,4,3,0,clear,0,0,0,14.6
j013,2026-08-14 13:00:00,4,13,59,47.9,61.7,0,3,6,0,clear,0,0,0,24.6
j014,2026-08-14 13:00:00,4,13,51,45.7,48.3,0,1,3,0,clear,0,0,1,8.3
j015,2026-08-14 13:00:00,4,13,88,17.4,100.0,0,1,4,0,clear,0,0,0,29.1
j016,2026-08-14 13:00:00,4,13,21,69.8,20.9,0,0,1,0,clear,0,0,0,8.1
j017,2026-08-14 13:00:00,4,13,50,42.1,50.6,0,3,4,0,clear,0,0,1,9.6
j018,2026-08-14 13:00:00,4,13,60,38.0,60.6,0,3,3,0,clear,0,0,1,8.2
j001,2026-08-14 14:00:00,4,14,32,61.1,27.4,0,1,2,0,clear,0,0,2,0.0
j002,2026-08-14 14:00:00,4,14,44,50.3,37.5,0,0,1,0,clear,0,0,0,14.7
j003,2026-08-14 14:00:00,4,14,44,52.1,42.1,1,1,3,0,rain,0,0,2,18.3
j004,2026-08-14 14:00:00,4,14,55,44.5,53.0,0,5,4,0,clear,0,0,2,14.3
j005,2026-08-14 14:00:00,4,14,69,27.8,80.9,0,3,6,0,rain,0,0,2,30.2
j006,2026-08-14 14:00:00,4,14,28,54.8,23.1,0,2,5,0,clear,0,0,0,12.8
j007,2026-08-14 14:00:00,4,14,38,53.2,32.3,0,0,5,0,clear,0,0,1,10.4
j008,2026-08-14 14:00:00,4,14,69,20.1,72.3,0,4,5,0,rain,0,0,3,18.4
j009,2026-08-14 14:00:00,4,14,75,38.4,66.1,0,3,6,0,clear,0,0,1,18.3
j010,2026-08-14 14:00:00,4,14,66,30.4,69.9,0,3,3,0,clear,0,0,0,25.3
j011,2026-08-14 14:00:00,4,14,27,52.4,24.5,0,1,0,0,clear,0,0,2,6.0
j012,2026-08-14 14:00:00,4,14,37,52.2,33.9,0,1,2,0,clear,0,0,0,6.0
j013,2026-08-14 14:00:00,4,14,50,40.2,59.3,0,0,6,0,clear,0,0,0,24.5
j014,2026-08-14 14:00:00,4,14,50,52.1,44.7,0,4,1,0,rain,0,0,1,15.9
j015,2026-08-14 14:00:00,4,14,76,22.2,77.9,0,4,4,0,clear,0,0,1,17.7
j016,2026-08-14 14:00:00,4,14,33,58.4,28.1,0,0,3,0,clear,0,0,1,6.5
j017,2026-08-14 14:00:00,4,14,59,42.9,52.7,0,6,2,0,clear,0,0,0,16.8
j018,2026-08-14 14:00:00,4,14,60,53.1,48.8,0,3,5,0,clear,1,0,1,11.8
j001,2026-08-14 15:00:00,4,15,41,54.1,40.8,0,2,4,0,clear,0,0,0,16.3
j002,2026-08-14 15:00:00,4,15,50,54.7,45.0,0,7,0,0,clear,0,0,0,22.9
j003,2026-08-14 15:00:00,4,15,60,45.3,63.6,0,4,5,1,clear,0,0,2,19.0
j004,2026-08-14 15:00:00,4,15,79,24.4,76.9,0,4,9,0,clear,0,0,0,16.7
j005,2026-08-14 15:00:00,4,15,68,28.6,73.4,0,2,8,0,clear,0,0,2,23.3
j006,2026-08-14 15:00:00,4,15,24,61.6,23.8,0,0,2,0,clear,0,1,0,7.7
j007,2026-08-14 15:00:00,4,15,44,55.0,38.8,0,1,3,0,clear,0,0,0,6.0
j008,2026-08-14 15:00:00,4,15,61,45.9,48.9,0,5,4,0,rain,0,0,0,26.3
j009,2026-08-14 15:00:00,4,15,68,44.3,62.3,0,3,4,0,clear,0,0,1,11.3
j010,2026-08-14 15:00:00,4,15,69,34.5,67.8,0,1,1,0,clear,0,0,2,13.1
j011,2026-08-14 15:00:00,4,15,41,39.2,47.0,0,1,1,0,clear,0,0,3,5.8
j012,2026-08-14 15:00:00,4,15,33,63.4,26.8,0,1,5,0,clear,0,0,2,0.3
j013,2026-08-14 15:00:00,4,15,65,37.1,61.0,0,4,2,0,clear,0,0,0,24.7
j014,2026-08-14 15:00:00,4,15,51,42.2,54.8,0,4,5,0,rain,0,0,1,23.7
j015,2026-08-14 15:00:00,4,15,62,43.1,60.0,0,4,3,0,clear,0,0,1,24.1
j016,2026-08-14 15:00:00,4,15,34,51.7,38.7,0,6,2,0,clear,0,0,2,1.7
j017,2026-08-14 15:00:00,4,15,58,29.9,67.6,0,4,8,0,clear,0,0,1,11.5
j018,2026-08-14 15:00:00,4,15,43,48.9,39.6,0,1,2,0,clear,0,0,1,18.1
j001,2026-08-14 16:00:00,4,16,30,57.0,29.8,0,0,4,1,clear,0,0,2,7.1
j002,2026-08-14 16:00:00,4,16,33,50.9,37.4,0,0,3,0,clear,0,0,2,2.0
j003,2026-08-14 16:00:00,4,16,54,41.5,62.4,0,3,3,0,clear,0,0,0,25.9
j004,2026-08-14 16:00:00,4,16,58,29.5,66.6,0,3,7,0,clear,0,0,0,22.1
j005,2026-08-14 16:00:00,4,16,79,34.2,65.4,0,5,4,0,clear,0,0,0,20.8
j006,2026-08-14 16:00:00,4,16,29,45.6,33.3,0,2,1,0,clear,0,0,0,8.2
j007,2026-08-14 16:00:00,4,16,45,50.7,41.6,0,3,3,0,clear,0,0,0,11.3
j008,2026-08-14 16:00:00,4,16,55,40.4,55.5,0,2,6,0,fog,0,0,0,19.7
j009,2026-08-14 16:00:00,4,16,60,38.8,68.5,0,3,3,0,fog,0,0,4,19.7
j010,2026-08-14 16:00:00,4,16,66,25.5,77.0,0,0,4,0,clear,0,0,1,17.6
j011,2026-08-14 16:00:00,4,16,37,52.0,39.7,0,1,3,0,clear,0,0,2,14.1
j012,2026-08-14 16:00:00,4,16,32,57.8,28.2,0,3,1,0,clear,0,0,0,14.7
j013,2026-08-14 16:00:00,4,16,67,31.6,77.3,0,3,4,0,clear,0,0,0,22.6
j014,2026-08-14 16:00:00,4,16,71,40.8,58.7,0,6,6,0,clear,0,0,0,30.6
j015,2026-08-14 16:00:00,4,16,88,12.5,100.0,0,4,7,0,clear,0,0,0,34.1
j016,2026-08-14 16:00:00,4,16,26,64.3,30.1,0,0,1,0,fog,0,0,1,9.7
j017,2026-08-14 16:00:00,4,16,52,47.3,42.9,0,2,2,0,clear,0,0,3,0.0
j018,2026-08-14 16:00:00,4,16,55,37.8,51.2,0,3,3,0,clear,0,0,2,17.9
j001,2026-08-14 17:00:00,4,17,60,11.4,83.6,0,2,3,0,clear,0,0,0,22.9
j002,2026-08-14 17:00:00,4,17,80,18.8,100.0,0,6,6,0,clear,0,0,1,26.4
j003,2026-08-14 17:00:00,4,17,82,28.8,90.9,0,2,4,0,clear,0,0,1,26.3
j004,2026-08-14 17:00:00,4,17,92,9.8,100.0,0,5,8,0,clear,0,0,0,30.4
j005,2026-08-14 17:00:00,4,17,100,5.0,100.0,0,6,10,0,clear,0,0,0,37.4
j006,2026-08-14 17:00:00,4,17,72,24.5,80.0,0,4,7,0,clear,0,0,0,27.9
j007,2026-08-14 17:00:00,4,17,70,5.0,100.0,0,5,9,0,clear,0,0,1,35.2
j008,2026-08-14 17:00:00,4,17,97,8.8,100.0,0,3,8,0,clear,0,0,0,26.4
j009,2026-08-14 17:00:00,4,17,100,10.7,100.0,0,3,11,0,clear,0,0,1,38.9
j010,2026-08-14 17:00:00,4,17,100,9.3,100.0,0,0,9,0,rain,0,0,0,33.6
j011,2026-08-14 17:00:00,4,17,74,9.4,100.0,0,5,6,0,clear,0,0,3,23.0
j012,2026-08-14 17:00:00,4,17,87,9.7,99.5,0,5,0,0,clear,0,1,1,27.1
j013,2026-08-14 17:00:00,4,17,85,28.9,88.4,0,8,3,0,clear,0,0,0,34.2
j014,2026-08-14 17:00:00,4,17,100,24.6,100.0,0,3,9,0,clear,0,0,2,29.1
j015,2026-08-14 17:00:00,4,17,100,16.0,100.0,0,6,5,0,clear,0,0,2,24.5
j016,2026-08-14 17:00:00,4,17,79,10.5,100.0,0,6,8,0,clear,1,0,1,36.4
j017,2026-08-14 17:00:00,4,17,80,7.2,100.0,1,6,11,0,clear,0,0,0,46.5
j018,2026-08-14 17:00:00,4,17,86,8.7,100.0,0,5,5,0,clear,0,0,2,34.6
j001,2026-08-14 18:00:00,4,18,70,26.6,72.5,0,9,2,0,clear,0,0,1,31.5
j002,2026-08-14 18:00:00,4,18,86,10.5,100.0,0,9,6,0,clear,0,0,0,32.8
j003,2026-08-14 18:00:00,4,18,84,8.7,100.0,0,6,6,0,clear,0,0,1,20.9
j004,2026-08-14 18:00:00,4,18,95,6.5,100.0,0,4,9,0,clear,0,0,0,31.4
j005,2026-08-14 18:00:00,4,18,100,18.2,100.0,0,3,5,0,clear,0,0,0,21.5
j006,2026-08-14 18:00:00,4,18,63,41.2,68.8,0,1,3,0,clear,0,0,1,13.3
j007,2026-08-14 18:00:00,4,18,80,22.2,87.8,0,5,4,0,clear,0,0,2,20.7
j008,2026-08-14 18:00:00,4,18,98,7.1,100.0,0,6,7,0,clear,0,0,3,33.8
j009,2026-08-14 18:00:00,4,18,100,17.4,100.0,0,7,4,0,clear,0,0,0,29.8
j010,2026-08-14 18:00:00,4,18,100,7.3,100.0,0,3,4,0,clear,0,0,0,22.4
j011,2026-08-14 18:00:00,4,18,65,20.0,76.0,0,6,2,0,rain,0,0,1,27.7
j012,2026-08-14 18:00:00,4,18,70,21.8,83.7,0,1,4,0,rain,0,0,1,34.5
j013,2026-08-14 18:00:00,4,18,88,12.6,100.0,0,1,7,0,clear,0,0,1,31.8
j014,2026-08-14 18:00:00,4,18,100,5.0,100.0,0,13,6,0,rain,0,0,0,37.1
j015,2026-08-14 18:00:00,4,18,100,11.0,100.0,0,1,5,0,clear,0,0,1,25.0
j016,2026-08-14 18:00:00,4,18,66,21.4,95.1,0,3,7,0,rain,0,0,0,44.1
j017,2026-08-14 18:00:00,4,18,85,19.0,90.0,0,5,8,0,clear,0,0,1,29.2
j018,2026-08-14 18:00:00,4,18,80,19.9,91.9,0,3,4,0,clear,0,0,0,29.4
j001,2026-08-14 19:00:00,4,19,73,18.7,85.0,0,3,4,0,clear,0,0,3,19.1
j002,2026-08-14 19:00:00,4,19,73,18.2,82.4,0,3,9,0,clear,0,0,1,29.7
j003,2026-08-14 19:00:00,4,19,93,20.7,88.9,0,2,6,0,clear,1,0,2,36.6
j004,2026-08-14 19:00:00,4,19,96,10.4,100.0,0,5,5,0,clear,0,0,1,20.4
j005,2026-08-14 19:00:00,4,19,100,10.8,100.0,0,5,7,0,rain,0,0,2,31.2
j006,2026-08-14 19:00:00,4,19,67,34.4,79.1,0,0,8,0,clear,0,0,0,21.9
j007,2026-08-14 19:00:00,4,19,79,15.6,100.0,0,3,2,0,clear,0,0,0,20.0
j008,2026-08-14 19:00:00,4,19,89,16.6,100.0,0,5,10,0,fog,0,0,0,49.1
j009,2026-08-14 19:00:00,4,19,100,9.8,100.0,0,6,7,0,clear,0,1,0,28.8
j010,2026-08-14 19:00:00,4,19,100,10.5,100.0,0,9,5,0,clear,0,0,2,25.5
j011,2026-08-14 19:00:00,4,19,76,26.1,74.3,0,3,2,0,clear,0,0,2,19.7
j012,2026-08-14 19:00:00,4,19,80,9.5,99.4,0,4,7,0,clear,0,0,3,22.6
j013,2026-08-14 19:00:00,4,19,91,10.0,97.4,1,0,8,0,clear,0,0,1,30.6
j014,2026-08-14 19:00:00,4,19,100,6.3,100.0,0,8,10,0,clear,0,0,0,42.4
j015,2026-08-14 19:00:00,4,19,100,9.3,100.0,0,5,11,0,clear,0,0,2,23.6
j016,2026-08-14 19:00:00,4,19,74,22.5,86.4,0,8,7,0,clear,0,0,1,27.3
j017,2026-08-14 19:00:00,4,19,73,20.0,87.0,0,4,12,0,clear,0,0,0,31.8
j018,2026-08-14 19:00:00,4,19,80,5.0,100.0,0,1,8,0,clear,0,0,0,25.3
j001,2026-08-14 20:00:00,4,20,37,54.3,34.7,0,3,2,0,clear,0,0,2,1.0
j002,2026-08-14 20:00:00,4,20,56,36.1,64.9,0,2,1,0,clear,0,0,0,20.1
j003,2026-08-14 20:00:00,4,20,55,41.9,59.2,0,2,7,0,rain,0,0,1,18.4
j004,2026-08-14 20:00:00,4,20,78,19.2,88.5,0,9,9,0,clear,0,0,2,42.2
j005,2026-08-14 20:00:00,4,20,86,10.1,100.0,0,5,4,0,clear,0,0,0,28.6
j006,2026-08-14 20:00:00,4,20,46,40.7,48.3,0,2,2,0,clear,0,0,1,23.3
j007,2026-08-14 20:00:00,4,20,43,43.8,49.4,0,6,3,0,clear,0,0,0,22.4
j008,2026-08-14 20:00:00,4,20,41,43.4,47.3,0,2,5,0,clear,0,0,1,17.7
j009,2026-08-14 20:00:00,4,20,66,39.8,59.5,0,2,5,0,clear,0,0,2,16.8
j010,2026-08-14 20:00:00,4,20,67,24.3,72.5,0,3,10,0,fog,0,0,1,26.4
j011,2026-08-14 20:00:00,4,20,36,52.7,36.8,0,2,4,0,rain,0,0,1,8.0
j012,2026-08-14 20:00:00,4,20,47,38.0,42.4,0,1,2,0,clear,0,0,0,13.3
j013,2026-08-14 20:00:00,4,20,61,39.6,60.3,0,3,4,0,clear,0,0,1,16.0
j014,2026-08-14 20:00:00,4,20,65,22.7,72.6,0,3,6,0,rain,0,0,0,37.0
j015,2026-08-14 20:00:00,4,20,84,10.1,98.8,0,5,6,0,clear,0,0,0,34.8
j016,2026-08-14 20:00:00,4,20,29,59.9,33.0,0,3,1,0,clear,0,0,1,13.4
j017,2026-08-14 20:00:00,4,20,31,75.5,28.7,0,1,0,0,clear,0,0,1,0.0
j018,2026-08-14 20:00:00,4,20,67,29.6,70.2,0,3,1,0,clear,0,0,0,21.5
j001,2026-08-14 21:00:00,4,21,29,56.3,30.5,0,0,3,0,clear,0,0,1,10.4
j002,2026-08-14 21:00:00,4,21,34,45.3,33.6,0,1,1,0,fog,0,0,1,17.6
j003,2026-08-14 21:00:00,4,21,65,25.9,60.5,0,5,4,0,fog,0,0,3,9.1
j004,2026-08-14 21:00:00,4,21,79,7.7,88.2,0,4,4,0,clear,0,0,2,20.1
j005,2026-08-14 21:00:00,4,21,88,5.0,100.0,0,5,5,0,clear,0,0,1,35.6
j006,2026-08-14 21:00:00,4,21,24,61.4,19.3,0,0,0,0,clear,0,0,1,0.0
j007,2026-08-14 21:00:00,4,21,40,49.7,37.3,0,0,2,0,clear,0,0,1,7.1
j008,2026-08-14 21:00:00,4,21,66,29.4,76.0,0,3,7,0,clear,0,0,1,28.8
j009,2026-08-14 21:00:00,4,21,67,30.2,71.1,0,1,7,0,clear,0,0,1,22.2
j010,2026-08-14 21:00:00,4,21,62,39.2,51.6,0,4,2,0,clear,0,0,2,13.3
j011,2026-08-14 21:00:00,4,21,24,58.3,24.1,0,0,3,0,clear,0,0,1,0.0
j012,2026-08-14 21:00:00,4,21,57,39.9,64.2,0,5,3,0,clear,0,0,1,15.0
j013,2026-08-14 21:00:00,4,21,54,47.5,58.1,0,2,2,0,clear,0,0,2,17.3
j014,2026-08-14 21:00:00,4,21,65,23.4,75.3,1,2,6,0,clear,0,0,1,22.0
j015,2026-08-14 21:00:00,4,21,78,16.2,88.5,0,2,4,0,clear,0,0,0,27.9
j016,2026-08-14 21:00:00,4,21,46,45.2,49.5,0,5,2,0,clear,0,0,1,18.9
j017,2026-08-14 21:00:00,4,21,42,50.8,42.3,0,1,3,0,clear,0,0,1,8.2
j018,2026-08-14 21:00:00,4,21,65,42.0,56.9,0,11,7,0,clear,0,0,0,26.2
j001,2026-08-14 22:00:00,4,22,20,62.4,20.2,0,0,4,0,clear,0,1,2,5.8
j002,2026-08-14 22:00:00,4,22,32,49.4,34.6,0,2,2,0,fog,0,0,1,17.7
j003,2026-08-14 22:00:00,4,22,52,34.4,62.2,0,2,5,0,clear,0,0,0,19.8
j004,2026-08-14 22:00:00,4,22,77,16.8,92.0,0,2,4,0,rain,0,0,0,35.5
j005,2026-08-14 22:00:00,4,22,69,33.6,60.1,0,3,1,0,clear,0,0,2,21.8
j006,2026-08-14 22:00:00,4,22,31,56.3,29.9,0,1,2,0,clear,0,0,0,7.0
j007,2026-08-14 22:00:00,4,22,42,46.9,46.4,0,4,8,0,clear,0,0,0,23.2
j008,2026-08-14 22:00:00,4,22,40,48.5,38.0,0,1,6,0,clear,0,0,1,14.7
j009,2026-08-14 22:00:00,4,22,55,51.3,53.2,0,3,1,0,clear,0,0,1,15.2
j010,2026-08-14 22:00:00,4,22,64,42.1,54.5,0,4,4,0,clear,0,0,1,14.9
j011,2026-08-14 22:00:00,4,22,39,51.9,43.9,0,2,4,0,clear,0,0,1,12.5
j012,2026-08-14 22:00:00,4,22,37,54.9,36.1,0,0,1,0,clear,0,0,0,22.7
j013,2026-08-14 22:00:00,4,22,57,39.1,54.4,0,5,5,0,clear,0,0,1,15.7
j014,2026-08-14 22:00:00,4,22,70,40.8,58.6,0,4,2,0,clear,0,0,1,19.5
j015,2026-08-14 22:00:00,4,22,70,36.5,68.7,0,5,3,0,rain,1,0,5,18.2
j016,2026-08-14 22:00:00,4,22,25,59.3,26.3,0,3,4,0,clear,0,0,0,11.7
j017,2026-08-14 22:00:00,4,22,39,59.7,35.0,0,0,3,0,clear,0,0,0,9.5
j018,2026-08-14 22:00:00,4,22,44,45.4,52.4,0,1,2,0,clear,0,0,1,11.7
j001,2026-08-14 23:00:00,4,23,5,75.7,4.5,0,1,1,0,clear,0,0,2,0.0
j002,2026-08-14 23:00:00,4,23,14,76.0,15.5,0,1,1,0,clear,0,0,0,3.4
j003,2026-08-14 23:00:00,4,23,21,62.1,22.7,0,2,1,0,clear,0,0,0,16.9
j004,2026-08-14 23:00:00,4,23,40,46.4,44.2,0,2,3,0,clear,0,0,2,10.5
j005,2026-08-14 23:00:00,4,23,42,51.2,45.9,0,2,4,0,fog,0,0,2,12.6
j006,2026-08-14 23:00:00,4,23,5,72.2,4.5,0,1,0,0,clear,0,0,2,0.0
j007,2026-08-14 23:00:00,4,23,14,70.3,16.3,0,1,2,0,clear,0,0,3,0.0
j008,2026-08-14 23:00:00,4,23,21,75.1,21.9,0,0,6,0,clear,0,0,1,6.2
j009,2026-08-14 23:00:00,4,23,40,49.0,36.7,0,1,3,0,rain,0,0,2,7.1
j010,2026-08-14 23:00:00,4,23,48,51.3,48.3,0,4,4,0,clear,0,0,0,7.6
j011,2026-08-14 23:00:00,4,23,5,80.0,5.1,0,0,2,0,clear,0,0,0,3.5
j012,2026-08-14 23:00:00,4,23,17,75.5,16.8,0,2,2,0,clear,0,0,0,12.4
j013,2026-08-14 23:00:00,4,23,26,67.4,22.2,0,0,2,1,clear,0,0,0,7.1
j014,2026-08-14 23:00:00,4,23,33,52.4,29.6,0,2,4,0,clear,0,0,2,5.3
j015,2026-08-14 23:00:00,4,23,47,47.8,43.3,0,1,1,0,clear,0,0,3,0.0
j016,2026-08-14 23:00:00,4,23,5,80.0,5.0,0,0,1,0,clear,0,0,1,4.1
j017,2026-08-14 23:00:00,4,23,11,66.6,11.6,0,0,1,0,clear,0,0,1,3.3
j018,2026-08-14 23:00:00,4,23,29,53.7,32.8,0,0,4,0,rain,0,0,0,17.7
